2025-08-13 23:10:19,198:WARNING:
'cuml' is a soft dependency and not included in the pycaret installation. Please run: `pip install cuml` to install.
2025-08-13 23:10:19,199:WARNING:
'cuml' is a soft dependency and not included in the pycaret installation. Please run: `pip install cuml` to install.
2025-08-13 23:10:19,199:WARNING:
'cuml' is a soft dependency and not included in the pycaret installation. Please run: `pip install cuml` to install.
2025-08-13 23:10:19,199:WARNING:
'cuml' is a soft dependency and not included in the pycaret installation. Please run: `pip install cuml` to install.
2025-08-13 23:12:04,487:WARNING:
'cuml' is a soft dependency and not included in the pycaret installation. Please run: `pip install cuml` to install.
2025-08-13 23:12:04,487:WARNING:
'cuml' is a soft dependency and not included in the pycaret installation. Please run: `pip install cuml` to install.
2025-08-13 23:12:04,487:WARNING:
'cuml' is a soft dependency and not included in the pycaret installation. Please run: `pip install cuml` to install.
2025-08-13 23:12:04,487:WARNING:
'cuml' is a soft dependency and not included in the pycaret installation. Please run: `pip install cuml` to install.
2025-08-13 23:12:10,737:INFO:PyCaret ClassificationExperiment
2025-08-13 23:12:10,737:INFO:Logging name: clf-default-name
2025-08-13 23:12:10,737:INFO:ML Usecase: MLUsecase.CLASSIFICATION
2025-08-13 23:12:10,737:INFO:version 3.3.2
2025-08-13 23:12:10,737:INFO:Initializing setup()
2025-08-13 23:12:10,737:INFO:self.USI: 5337
2025-08-13 23:12:10,737:INFO:self._variable_keys: {'pipeline', 'data', 'html_param', 'USI', 'y_train', 'exp_id', 'fold_generator', 'gpu_n_jobs_param', 'fold_shuffle_param', 'seed', 'idx', 'gpu_param', 'y_test', 'fold_groups_param', 'log_plots_param', 'y', 'fix_imbalance', 'target_param', 'exp_name_log', 'logging_param', 'n_jobs_param', 'memory', 'X', 'is_multiclass', '_available_plots', '_ml_usecase', 'X_train', 'X_test'}
2025-08-13 23:12:10,737:INFO:Checking environment
2025-08-13 23:12:10,737:INFO:python_version: 3.10.1
2025-08-13 23:12:10,737:INFO:python_build: ('tags/v3.10.1:2cd268a', 'Dec  6 2021 19:10:37')
2025-08-13 23:12:10,737:INFO:machine: AMD64
2025-08-13 23:12:10,737:INFO:platform: Windows-10-10.0.26100-SP0
2025-08-13 23:12:10,748:INFO:Memory: svmem(total=8311836672, available=880627712, percent=89.4, used=7431208960, free=880627712)
2025-08-13 23:12:10,748:INFO:Physical Core: 4
2025-08-13 23:12:10,748:INFO:Logical Core: 8
2025-08-13 23:12:10,748:INFO:Checking libraries
2025-08-13 23:12:10,748:INFO:System:
2025-08-13 23:12:10,748:INFO:    python: 3.10.1 (tags/v3.10.1:2cd268a, Dec  6 2021, 19:10:37) [MSC v.1929 64 bit (AMD64)]
2025-08-13 23:12:10,748:INFO:executable: D:\Python\python.exe
2025-08-13 23:12:10,748:INFO:   machine: Windows-10-10.0.26100-SP0
2025-08-13 23:12:10,748:INFO:PyCaret required dependencies:
2025-08-13 23:12:17,161:INFO:                 pip: 23.0.1
2025-08-13 23:12:17,161:INFO:          setuptools: 80.9.0
2025-08-13 23:12:17,161:INFO:             pycaret: 3.3.2
2025-08-13 23:12:17,161:INFO:             IPython: 8.24.0
2025-08-13 23:12:17,161:INFO:          ipywidgets: 8.1.2
2025-08-13 23:12:17,161:INFO:                tqdm: 4.66.4
2025-08-13 23:12:17,161:INFO:               numpy: 1.26.4
2025-08-13 23:12:17,161:INFO:              pandas: 2.1.4
2025-08-13 23:12:17,161:INFO:              jinja2: 3.1.4
2025-08-13 23:12:17,161:INFO:               scipy: 1.11.4
2025-08-13 23:12:17,161:INFO:              joblib: 1.3.2
2025-08-13 23:12:17,161:INFO:             sklearn: 1.4.2
2025-08-13 23:12:17,161:INFO:                pyod: 2.0.5
2025-08-13 23:12:17,161:INFO:            imblearn: 0.13.0
2025-08-13 23:12:17,161:INFO:   category_encoders: 2.7.0
2025-08-13 23:12:17,161:INFO:            lightgbm: 4.6.0
2025-08-13 23:12:17,161:INFO:               numba: 0.61.0
2025-08-13 23:12:17,161:INFO:            requests: 2.32.4
2025-08-13 23:12:17,161:INFO:          matplotlib: 3.7.1
2025-08-13 23:12:17,161:INFO:          scikitplot: 0.3.7
2025-08-13 23:12:17,161:INFO:         yellowbrick: 1.5
2025-08-13 23:12:17,161:INFO:              plotly: 5.24.1
2025-08-13 23:12:17,161:INFO:    plotly-resampler: Not installed
2025-08-13 23:12:17,161:INFO:             kaleido: 1.0.0
2025-08-13 23:12:17,161:INFO:           schemdraw: 0.15
2025-08-13 23:12:17,161:INFO:         statsmodels: 0.14.5
2025-08-13 23:12:17,161:INFO:              sktime: 0.26.0
2025-08-13 23:12:17,161:INFO:               tbats: 1.1.3
2025-08-13 23:12:17,161:INFO:            pmdarima: 2.0.4
2025-08-13 23:12:17,161:INFO:              psutil: 5.9.8
2025-08-13 23:12:17,161:INFO:          markupsafe: 2.1.5
2025-08-13 23:12:17,161:INFO:             pickle5: Not installed
2025-08-13 23:12:17,161:INFO:         cloudpickle: 3.1.1
2025-08-13 23:12:17,161:INFO:         deprecation: 2.1.0
2025-08-13 23:12:17,161:INFO:              xxhash: 3.5.0
2025-08-13 23:12:17,161:INFO:           wurlitzer: Not installed
2025-08-13 23:12:17,161:INFO:PyCaret optional dependencies:
2025-08-13 23:12:38,625:INFO:                shap: 0.44.1
2025-08-13 23:12:38,625:INFO:           interpret: 0.7.2
2025-08-13 23:12:38,625:INFO:                umap: 0.5.7
2025-08-13 23:12:38,625:INFO:     ydata_profiling: 4.16.1
2025-08-13 23:12:38,625:INFO:  explainerdashboard: 0.5.1
2025-08-13 23:12:38,625:INFO:             autoviz: Not installed
2025-08-13 23:12:38,625:INFO:           fairlearn: 0.7.0
2025-08-13 23:12:38,625:INFO:          deepchecks: Not installed
2025-08-13 23:12:38,625:INFO:             xgboost: 3.0.4
2025-08-13 23:12:38,625:INFO:            catboost: 1.2.8
2025-08-13 23:12:38,625:INFO:              kmodes: 0.12.2
2025-08-13 23:12:38,625:INFO:             mlxtend: 0.23.4
2025-08-13 23:12:38,625:INFO:       statsforecast: 1.5.0
2025-08-13 23:12:38,625:INFO:        tune_sklearn: Not installed
2025-08-13 23:12:38,625:INFO:                 ray: Not installed
2025-08-13 23:12:38,625:INFO:            hyperopt: 0.2.7
2025-08-13 23:12:38,625:INFO:              optuna: 4.4.0
2025-08-13 23:12:38,625:INFO:               skopt: 0.10.2
2025-08-13 23:12:38,625:INFO:              mlflow: 3.2.0
2025-08-13 23:12:38,625:INFO:              gradio: 5.42.0
2025-08-13 23:12:38,625:INFO:             fastapi: 0.116.1
2025-08-13 23:12:38,625:INFO:             uvicorn: 0.35.0
2025-08-13 23:12:38,625:INFO:              m2cgen: 0.10.0
2025-08-13 23:12:38,625:INFO:           evidently: 0.4.40
2025-08-13 23:12:38,625:INFO:               fugue: 0.8.7
2025-08-13 23:12:38,625:INFO:           streamlit: 1.35.0
2025-08-13 23:12:38,625:INFO:             prophet: Not installed
2025-08-13 23:12:38,625:INFO:None
2025-08-13 23:12:38,625:INFO:Set up data.
2025-08-13 23:12:38,925:INFO:Set up folding strategy.
2025-08-13 23:12:38,925:INFO:Set up train/test split.
2025-08-13 23:12:39,021:INFO:Set up index.
2025-08-13 23:12:39,026:INFO:Assigning column types.
2025-08-13 23:12:39,041:INFO:Engine successfully changes for model 'lr' to 'sklearn'.
2025-08-13 23:12:39,073:INFO:Engine for model 'knn' has not been set explicitly, hence returning None.
2025-08-13 23:12:39,088:INFO:Engine for model 'rbfsvm' has not been set explicitly, hence returning None.
2025-08-13 23:12:39,184:INFO:Soft dependency imported: xgboost: 3.0.4
2025-08-13 23:12:39,200:INFO:Soft dependency imported: catboost: 1.2.8
2025-08-13 23:12:41,688:INFO:Engine for model 'knn' has not been set explicitly, hence returning None.
2025-08-13 23:12:41,688:INFO:Engine for model 'rbfsvm' has not been set explicitly, hence returning None.
2025-08-13 23:12:41,705:INFO:Soft dependency imported: xgboost: 3.0.4
2025-08-13 23:12:41,705:INFO:Soft dependency imported: catboost: 1.2.8
2025-08-13 23:12:41,705:INFO:Engine successfully changes for model 'knn' to 'sklearn'.
2025-08-13 23:12:41,751:INFO:Engine for model 'rbfsvm' has not been set explicitly, hence returning None.
2025-08-13 23:12:41,777:INFO:Soft dependency imported: xgboost: 3.0.4
2025-08-13 23:12:41,781:INFO:Soft dependency imported: catboost: 1.2.8
2025-08-13 23:12:41,814:INFO:Engine for model 'rbfsvm' has not been set explicitly, hence returning None.
2025-08-13 23:12:41,830:INFO:Soft dependency imported: xgboost: 3.0.4
2025-08-13 23:12:41,846:INFO:Soft dependency imported: catboost: 1.2.8
2025-08-13 23:12:41,848:INFO:Engine successfully changes for model 'rbfsvm' to 'sklearn'.
2025-08-13 23:12:41,910:INFO:Soft dependency imported: xgboost: 3.0.4
2025-08-13 23:12:41,910:INFO:Soft dependency imported: catboost: 1.2.8
2025-08-13 23:12:41,992:INFO:Soft dependency imported: xgboost: 3.0.4
2025-08-13 23:12:41,995:INFO:Soft dependency imported: catboost: 1.2.8
2025-08-13 23:12:42,052:INFO:Preparing preprocessing pipeline...
2025-08-13 23:12:42,171:INFO:Set up simple imputation.
2025-08-13 23:12:42,236:INFO:Set up encoding of ordinal features.
2025-08-13 23:12:42,236:INFO:Set up encoding of categorical features.
2025-08-13 23:12:42,236:INFO:Set up feature normalization.
2025-08-13 23:12:42,252:INFO:Set up column name cleaning.
2025-08-13 23:12:44,003:INFO:Finished creating preprocessing pipeline.
2025-08-13 23:12:44,051:INFO:Pipeline: Pipeline(memory=FastMemory(location=C:\Users\shikh\AppData\Local\Temp\joblib),
         steps=[('numerical_imputer',
                 TransformerWrapper(exclude=None,
                                    include=['Applicant_ID', 'Age',
                                             'Dependents', 'Annual_Income',
                                             'Monthly_Expenses', 'Credit_Score',
                                             'Existing_Loans',
                                             'Total_Existing_Loan_Amount',
                                             'Outstanding_Debt', 'Loan_History',
                                             'Loan_Amount_Requested',
                                             'Loan_Term', 'In...
                                                              handle_missing='return_nan',
                                                              handle_unknown='value',
                                                              return_df=True,
                                                              use_cat_names=True,
                                                              verbose=0))),
                ('normalize',
                 TransformerWrapper(exclude=None, include=None,
                                    transformer=StandardScaler(copy=True,
                                                               with_mean=True,
                                                               with_std=True))),
                ('clean_column_names',
                 TransformerWrapper(exclude=None, include=None,
                                    transformer=CleanColumnNames(match='[\\]\\[\\,\\{\\}\\"\\:]+')))],
         verbose=False)
2025-08-13 23:12:44,051:INFO:Creating final display dataframe.
2025-08-13 23:12:45,096:INFO:Setup _display_container:                     Description                 Value
0                    Session id                   123
1                        Target  Loan_Approval_Status
2                   Target type                Binary
3           Original data shape           (52000, 27)
4        Transformed data shape           (52000, 43)
5   Transformed train set shape           (36400, 43)
6    Transformed test set shape           (15600, 43)
7              Numeric features                    16
8          Categorical features                    10
9                    Preprocess                  True
10              Imputation type                simple
11           Numeric imputation                  mean
12       Categorical imputation                  mode
13     Maximum one-hot encoding                    25
14              Encoding method                  None
15                    Normalize                  True
16             Normalize method                zscore
17               Fold Generator       StratifiedKFold
18                  Fold Number                    10
19                     CPU Jobs                    -1
20                      Use GPU                 False
21               Log Experiment                 False
22              Experiment Name      clf-default-name
23                          USI                  5337
2025-08-13 23:12:45,185:INFO:Soft dependency imported: xgboost: 3.0.4
2025-08-13 23:12:45,189:INFO:Soft dependency imported: catboost: 1.2.8
2025-08-13 23:12:45,236:INFO:Soft dependency imported: xgboost: 3.0.4
2025-08-13 23:12:45,236:INFO:Soft dependency imported: catboost: 1.2.8
2025-08-13 23:12:45,236:INFO:setup() successfully completed in 34.55s...............
2025-08-13 23:12:45,236:INFO:Initializing compare_models()
2025-08-13 23:12:45,236:INFO:compare_models(self=<pycaret.classification.oop.ClassificationExperiment object at 0x00000197B8237D60>, include=None, fold=None, round=4, cross_validation=True, sort=Accuracy, n_select=1, budget_time=None, turbo=True, errors=ignore, fit_kwargs=None, groups=None, experiment_custom_tags=None, probability_threshold=None, verbose=True, parallel=None, caller_params={'self': <pycaret.classification.oop.ClassificationExperiment object at 0x00000197B8237D60>, 'include': None, 'exclude': None, 'fold': None, 'round': 4, 'cross_validation': True, 'sort': 'Accuracy', 'n_select': 1, 'budget_time': None, 'turbo': True, 'errors': 'ignore', 'fit_kwargs': None, 'groups': None, 'experiment_custom_tags': None, 'probability_threshold': None, 'engine': None, 'verbose': True, 'parallel': None, '__class__': <class 'pycaret.classification.oop.ClassificationExperiment'>}, exclude=None)
2025-08-13 23:12:45,236:INFO:Checking exceptions
2025-08-13 23:12:45,334:INFO:Preparing display monitor
2025-08-13 23:12:45,417:INFO:Initializing Logistic Regression
2025-08-13 23:12:45,417:INFO:Total runtime is 0.0 minutes
2025-08-13 23:12:45,417:INFO:SubProcess create_model() called ==================================
2025-08-13 23:12:45,417:INFO:Initializing create_model()
2025-08-13 23:12:45,417:INFO:create_model(self=<pycaret.classification.oop.ClassificationExperiment object at 0x00000197B8237D60>, estimator=lr, fold=StratifiedKFold(n_splits=10, random_state=None, shuffle=False), round=4, cross_validation=True, predict=True, fit_kwargs={}, groups=None, refit=False, probability_threshold=None, experiment_custom_tags=None, verbose=False, system=False, add_to_model_list=True, metrics=None, display=<pycaret.internal.display.display.CommonDisplay object at 0x00000197EC2A3040>, model_only=True, return_train_score=False, error_score=0.0, kwargs={})
2025-08-13 23:12:45,417:INFO:Checking exceptions
2025-08-13 23:12:45,417:INFO:Importing libraries
2025-08-13 23:12:45,417:INFO:Copying training dataset
2025-08-13 23:12:45,443:INFO:Defining folds
2025-08-13 23:12:45,443:INFO:Declaring metric variables
2025-08-13 23:12:45,443:INFO:Importing untrained model
2025-08-13 23:12:45,443:INFO:Logistic Regression Imported successfully
2025-08-13 23:12:45,444:INFO:Starting cross validation
2025-08-13 23:12:45,445:INFO:Cross validating with StratifiedKFold(n_splits=10, random_state=None, shuffle=False), n_jobs=-1
2025-08-13 23:13:14,053:INFO:Calculating mean and std
2025-08-13 23:13:14,117:INFO:Creating metrics dataframe
2025-08-13 23:13:14,124:INFO:Uploading results into container
2025-08-13 23:13:14,125:INFO:Uploading model into container now
2025-08-13 23:13:14,126:INFO:_master_model_container: 1
2025-08-13 23:13:14,126:INFO:_display_container: 2
2025-08-13 23:13:14,126:INFO:LogisticRegression(C=1.0, class_weight=None, dual=False, fit_intercept=True,
                   intercept_scaling=1, l1_ratio=None, max_iter=1000,
                   multi_class='auto', n_jobs=None, penalty='l2',
                   random_state=123, solver='lbfgs', tol=0.0001, verbose=0,
                   warm_start=False)
2025-08-13 23:13:14,126:INFO:create_model() successfully completed......................................
2025-08-13 23:13:14,331:INFO:SubProcess create_model() end ==================================
2025-08-13 23:13:14,331:INFO:Creating metrics dataframe
2025-08-13 23:13:14,333:INFO:Initializing K Neighbors Classifier
2025-08-13 23:13:14,333:INFO:Total runtime is 0.4819336692492167 minutes
2025-08-13 23:13:14,333:INFO:SubProcess create_model() called ==================================
2025-08-13 23:13:14,333:INFO:Initializing create_model()
2025-08-13 23:13:14,333:INFO:create_model(self=<pycaret.classification.oop.ClassificationExperiment object at 0x00000197B8237D60>, estimator=knn, fold=StratifiedKFold(n_splits=10, random_state=None, shuffle=False), round=4, cross_validation=True, predict=True, fit_kwargs={}, groups=None, refit=False, probability_threshold=None, experiment_custom_tags=None, verbose=False, system=False, add_to_model_list=True, metrics=None, display=<pycaret.internal.display.display.CommonDisplay object at 0x00000197EC2A3040>, model_only=True, return_train_score=False, error_score=0.0, kwargs={})
2025-08-13 23:13:14,333:INFO:Checking exceptions
2025-08-13 23:13:14,333:INFO:Importing libraries
2025-08-13 23:13:14,333:INFO:Copying training dataset
2025-08-13 23:13:14,361:INFO:Defining folds
2025-08-13 23:13:14,361:INFO:Declaring metric variables
2025-08-13 23:13:14,362:INFO:Importing untrained model
2025-08-13 23:13:14,362:INFO:K Neighbors Classifier Imported successfully
2025-08-13 23:13:14,362:INFO:Starting cross validation
2025-08-13 23:13:14,363:INFO:Cross validating with StratifiedKFold(n_splits=10, random_state=None, shuffle=False), n_jobs=-1
2025-08-13 23:13:20,985:INFO:Calculating mean and std
2025-08-13 23:13:20,987:INFO:Creating metrics dataframe
2025-08-13 23:13:20,988:INFO:Uploading results into container
2025-08-13 23:13:20,988:INFO:Uploading model into container now
2025-08-13 23:13:20,988:INFO:_master_model_container: 2
2025-08-13 23:13:20,988:INFO:_display_container: 2
2025-08-13 23:13:20,988:INFO:KNeighborsClassifier(algorithm='auto', leaf_size=30, metric='minkowski',
                     metric_params=None, n_jobs=-1, n_neighbors=5, p=2,
                     weights='uniform')
2025-08-13 23:13:20,988:INFO:create_model() successfully completed......................................
2025-08-13 23:13:21,119:INFO:SubProcess create_model() end ==================================
2025-08-13 23:13:21,119:INFO:Creating metrics dataframe
2025-08-13 23:13:21,151:INFO:Initializing Naive Bayes
2025-08-13 23:13:21,151:INFO:Total runtime is 0.5955616712570191 minutes
2025-08-13 23:13:21,151:INFO:SubProcess create_model() called ==================================
2025-08-13 23:13:21,151:INFO:Initializing create_model()
2025-08-13 23:13:21,151:INFO:create_model(self=<pycaret.classification.oop.ClassificationExperiment object at 0x00000197B8237D60>, estimator=nb, fold=StratifiedKFold(n_splits=10, random_state=None, shuffle=False), round=4, cross_validation=True, predict=True, fit_kwargs={}, groups=None, refit=False, probability_threshold=None, experiment_custom_tags=None, verbose=False, system=False, add_to_model_list=True, metrics=None, display=<pycaret.internal.display.display.CommonDisplay object at 0x00000197EC2A3040>, model_only=True, return_train_score=False, error_score=0.0, kwargs={})
2025-08-13 23:13:21,151:INFO:Checking exceptions
2025-08-13 23:13:21,151:INFO:Importing libraries
2025-08-13 23:13:21,151:INFO:Copying training dataset
2025-08-13 23:13:21,182:INFO:Defining folds
2025-08-13 23:13:21,182:INFO:Declaring metric variables
2025-08-13 23:13:21,182:INFO:Importing untrained model
2025-08-13 23:13:21,182:INFO:Naive Bayes Imported successfully
2025-08-13 23:13:21,182:INFO:Starting cross validation
2025-08-13 23:13:21,182:INFO:Cross validating with StratifiedKFold(n_splits=10, random_state=None, shuffle=False), n_jobs=-1
2025-08-13 23:13:24,822:INFO:Calculating mean and std
2025-08-13 23:13:24,822:INFO:Creating metrics dataframe
2025-08-13 23:13:24,825:INFO:Uploading results into container
2025-08-13 23:13:24,825:INFO:Uploading model into container now
2025-08-13 23:13:24,825:INFO:_master_model_container: 3
2025-08-13 23:13:24,825:INFO:_display_container: 2
2025-08-13 23:13:24,825:INFO:GaussianNB(priors=None, var_smoothing=1e-09)
2025-08-13 23:13:24,825:INFO:create_model() successfully completed......................................
2025-08-13 23:13:25,003:INFO:SubProcess create_model() end ==================================
2025-08-13 23:13:25,003:INFO:Creating metrics dataframe
2025-08-13 23:13:25,016:INFO:Initializing Decision Tree Classifier
2025-08-13 23:13:25,016:INFO:Total runtime is 0.6599838495254517 minutes
2025-08-13 23:13:25,016:INFO:SubProcess create_model() called ==================================
2025-08-13 23:13:25,016:INFO:Initializing create_model()
2025-08-13 23:13:25,016:INFO:create_model(self=<pycaret.classification.oop.ClassificationExperiment object at 0x00000197B8237D60>, estimator=dt, fold=StratifiedKFold(n_splits=10, random_state=None, shuffle=False), round=4, cross_validation=True, predict=True, fit_kwargs={}, groups=None, refit=False, probability_threshold=None, experiment_custom_tags=None, verbose=False, system=False, add_to_model_list=True, metrics=None, display=<pycaret.internal.display.display.CommonDisplay object at 0x00000197EC2A3040>, model_only=True, return_train_score=False, error_score=0.0, kwargs={})
2025-08-13 23:13:25,016:INFO:Checking exceptions
2025-08-13 23:13:25,016:INFO:Importing libraries
2025-08-13 23:13:25,016:INFO:Copying training dataset
2025-08-13 23:13:25,032:INFO:Defining folds
2025-08-13 23:13:25,032:INFO:Declaring metric variables
2025-08-13 23:13:25,032:INFO:Importing untrained model
2025-08-13 23:13:25,032:INFO:Decision Tree Classifier Imported successfully
2025-08-13 23:13:25,032:INFO:Starting cross validation
2025-08-13 23:13:25,032:INFO:Cross validating with StratifiedKFold(n_splits=10, random_state=None, shuffle=False), n_jobs=-1
2025-08-13 23:13:30,460:INFO:Calculating mean and std
2025-08-13 23:13:30,461:INFO:Creating metrics dataframe
2025-08-13 23:13:30,463:INFO:Uploading results into container
2025-08-13 23:13:30,463:INFO:Uploading model into container now
2025-08-13 23:13:30,464:INFO:_master_model_container: 4
2025-08-13 23:13:30,464:INFO:_display_container: 2
2025-08-13 23:13:30,464:INFO:DecisionTreeClassifier(ccp_alpha=0.0, class_weight=None, criterion='gini',
                       max_depth=None, max_features=None, max_leaf_nodes=None,
                       min_impurity_decrease=0.0, min_samples_leaf=1,
                       min_samples_split=2, min_weight_fraction_leaf=0.0,
                       monotonic_cst=None, random_state=123, splitter='best')
2025-08-13 23:13:30,464:INFO:create_model() successfully completed......................................
2025-08-13 23:13:30,594:INFO:SubProcess create_model() end ==================================
2025-08-13 23:13:30,594:INFO:Creating metrics dataframe
2025-08-13 23:13:30,594:INFO:Initializing SVM - Linear Kernel
2025-08-13 23:13:30,594:INFO:Total runtime is 0.7529584964116416 minutes
2025-08-13 23:13:30,594:INFO:SubProcess create_model() called ==================================
2025-08-13 23:13:30,594:INFO:Initializing create_model()
2025-08-13 23:13:30,594:INFO:create_model(self=<pycaret.classification.oop.ClassificationExperiment object at 0x00000197B8237D60>, estimator=svm, fold=StratifiedKFold(n_splits=10, random_state=None, shuffle=False), round=4, cross_validation=True, predict=True, fit_kwargs={}, groups=None, refit=False, probability_threshold=None, experiment_custom_tags=None, verbose=False, system=False, add_to_model_list=True, metrics=None, display=<pycaret.internal.display.display.CommonDisplay object at 0x00000197EC2A3040>, model_only=True, return_train_score=False, error_score=0.0, kwargs={})
2025-08-13 23:13:30,594:INFO:Checking exceptions
2025-08-13 23:13:30,594:INFO:Importing libraries
2025-08-13 23:13:30,594:INFO:Copying training dataset
2025-08-13 23:13:30,626:INFO:Defining folds
2025-08-13 23:13:30,626:INFO:Declaring metric variables
2025-08-13 23:13:30,626:INFO:Importing untrained model
2025-08-13 23:13:30,626:INFO:SVM - Linear Kernel Imported successfully
2025-08-13 23:13:30,626:INFO:Starting cross validation
2025-08-13 23:13:30,626:INFO:Cross validating with StratifiedKFold(n_splits=10, random_state=None, shuffle=False), n_jobs=-1
2025-08-13 23:13:35,507:INFO:Calculating mean and std
2025-08-13 23:13:35,507:INFO:Creating metrics dataframe
2025-08-13 23:13:35,507:INFO:Uploading results into container
2025-08-13 23:13:35,507:INFO:Uploading model into container now
2025-08-13 23:13:35,507:INFO:_master_model_container: 5
2025-08-13 23:13:35,507:INFO:_display_container: 2
2025-08-13 23:13:35,507:INFO:SGDClassifier(alpha=0.0001, average=False, class_weight=None,
              early_stopping=False, epsilon=0.1, eta0=0.001, fit_intercept=True,
              l1_ratio=0.15, learning_rate='optimal', loss='hinge',
              max_iter=1000, n_iter_no_change=5, n_jobs=-1, penalty='l2',
              power_t=0.5, random_state=123, shuffle=True, tol=0.001,
              validation_fraction=0.1, verbose=0, warm_start=False)
2025-08-13 23:13:35,507:INFO:create_model() successfully completed......................................
2025-08-13 23:13:35,640:INFO:SubProcess create_model() end ==================================
2025-08-13 23:13:35,640:INFO:Creating metrics dataframe
2025-08-13 23:13:35,640:INFO:Initializing Ridge Classifier
2025-08-13 23:13:35,640:INFO:Total runtime is 0.8370506445566814 minutes
2025-08-13 23:13:35,640:INFO:SubProcess create_model() called ==================================
2025-08-13 23:13:35,640:INFO:Initializing create_model()
2025-08-13 23:13:35,640:INFO:create_model(self=<pycaret.classification.oop.ClassificationExperiment object at 0x00000197B8237D60>, estimator=ridge, fold=StratifiedKFold(n_splits=10, random_state=None, shuffle=False), round=4, cross_validation=True, predict=True, fit_kwargs={}, groups=None, refit=False, probability_threshold=None, experiment_custom_tags=None, verbose=False, system=False, add_to_model_list=True, metrics=None, display=<pycaret.internal.display.display.CommonDisplay object at 0x00000197EC2A3040>, model_only=True, return_train_score=False, error_score=0.0, kwargs={})
2025-08-13 23:13:35,640:INFO:Checking exceptions
2025-08-13 23:13:35,640:INFO:Importing libraries
2025-08-13 23:13:35,640:INFO:Copying training dataset
2025-08-13 23:13:35,656:INFO:Defining folds
2025-08-13 23:13:35,656:INFO:Declaring metric variables
2025-08-13 23:13:35,656:INFO:Importing untrained model
2025-08-13 23:13:35,656:INFO:Ridge Classifier Imported successfully
2025-08-13 23:13:35,656:INFO:Starting cross validation
2025-08-13 23:13:35,672:INFO:Cross validating with StratifiedKFold(n_splits=10, random_state=None, shuffle=False), n_jobs=-1
2025-08-13 23:13:39,133:INFO:Calculating mean and std
2025-08-13 23:13:39,133:INFO:Creating metrics dataframe
2025-08-13 23:13:39,133:INFO:Uploading results into container
2025-08-13 23:13:39,133:INFO:Uploading model into container now
2025-08-13 23:13:39,133:INFO:_master_model_container: 6
2025-08-13 23:13:39,133:INFO:_display_container: 2
2025-08-13 23:13:39,133:INFO:RidgeClassifier(alpha=1.0, class_weight=None, copy_X=True, fit_intercept=True,
                max_iter=None, positive=False, random_state=123, solver='auto',
                tol=0.0001)
2025-08-13 23:13:39,133:INFO:create_model() successfully completed......................................
2025-08-13 23:13:39,352:INFO:SubProcess create_model() end ==================================
2025-08-13 23:13:39,352:INFO:Creating metrics dataframe
2025-08-13 23:13:39,358:INFO:Initializing Random Forest Classifier
2025-08-13 23:13:39,358:INFO:Total runtime is 0.8990234375000001 minutes
2025-08-13 23:13:39,359:INFO:SubProcess create_model() called ==================================
2025-08-13 23:13:39,359:INFO:Initializing create_model()
2025-08-13 23:13:39,359:INFO:create_model(self=<pycaret.classification.oop.ClassificationExperiment object at 0x00000197B8237D60>, estimator=rf, fold=StratifiedKFold(n_splits=10, random_state=None, shuffle=False), round=4, cross_validation=True, predict=True, fit_kwargs={}, groups=None, refit=False, probability_threshold=None, experiment_custom_tags=None, verbose=False, system=False, add_to_model_list=True, metrics=None, display=<pycaret.internal.display.display.CommonDisplay object at 0x00000197EC2A3040>, model_only=True, return_train_score=False, error_score=0.0, kwargs={})
2025-08-13 23:13:39,359:INFO:Checking exceptions
2025-08-13 23:13:39,359:INFO:Importing libraries
2025-08-13 23:13:39,359:INFO:Copying training dataset
2025-08-13 23:13:39,421:INFO:Defining folds
2025-08-13 23:13:39,422:INFO:Declaring metric variables
2025-08-13 23:13:39,423:INFO:Importing untrained model
2025-08-13 23:13:39,424:INFO:Random Forest Classifier Imported successfully
2025-08-13 23:13:39,424:INFO:Starting cross validation
2025-08-13 23:13:39,429:INFO:Cross validating with StratifiedKFold(n_splits=10, random_state=None, shuffle=False), n_jobs=-1
2025-08-13 23:14:06,061:INFO:Calculating mean and std
2025-08-13 23:14:06,063:INFO:Creating metrics dataframe
2025-08-13 23:14:06,063:INFO:Uploading results into container
2025-08-13 23:14:06,063:INFO:Uploading model into container now
2025-08-13 23:14:06,063:INFO:_master_model_container: 7
2025-08-13 23:14:06,063:INFO:_display_container: 2
2025-08-13 23:14:06,063:INFO:RandomForestClassifier(bootstrap=True, ccp_alpha=0.0, class_weight=None,
                       criterion='gini', max_depth=None, max_features='sqrt',
                       max_leaf_nodes=None, max_samples=None,
                       min_impurity_decrease=0.0, min_samples_leaf=1,
                       min_samples_split=2, min_weight_fraction_leaf=0.0,
                       monotonic_cst=None, n_estimators=100, n_jobs=-1,
                       oob_score=False, random_state=123, verbose=0,
                       warm_start=False)
2025-08-13 23:14:06,063:INFO:create_model() successfully completed......................................
2025-08-13 23:14:06,248:INFO:SubProcess create_model() end ==================================
2025-08-13 23:14:06,248:INFO:Creating metrics dataframe
2025-08-13 23:14:06,248:INFO:Initializing Quadratic Discriminant Analysis
2025-08-13 23:14:06,248:INFO:Total runtime is 1.3471899271011354 minutes
2025-08-13 23:14:06,248:INFO:SubProcess create_model() called ==================================
2025-08-13 23:14:06,248:INFO:Initializing create_model()
2025-08-13 23:14:06,248:INFO:create_model(self=<pycaret.classification.oop.ClassificationExperiment object at 0x00000197B8237D60>, estimator=qda, fold=StratifiedKFold(n_splits=10, random_state=None, shuffle=False), round=4, cross_validation=True, predict=True, fit_kwargs={}, groups=None, refit=False, probability_threshold=None, experiment_custom_tags=None, verbose=False, system=False, add_to_model_list=True, metrics=None, display=<pycaret.internal.display.display.CommonDisplay object at 0x00000197EC2A3040>, model_only=True, return_train_score=False, error_score=0.0, kwargs={})
2025-08-13 23:14:06,248:INFO:Checking exceptions
2025-08-13 23:14:06,248:INFO:Importing libraries
2025-08-13 23:14:06,248:INFO:Copying training dataset
2025-08-13 23:14:06,275:INFO:Defining folds
2025-08-13 23:14:06,275:INFO:Declaring metric variables
2025-08-13 23:14:06,275:INFO:Importing untrained model
2025-08-13 23:14:06,275:INFO:Quadratic Discriminant Analysis Imported successfully
2025-08-13 23:14:06,275:INFO:Starting cross validation
2025-08-13 23:14:06,275:INFO:Cross validating with StratifiedKFold(n_splits=10, random_state=None, shuffle=False), n_jobs=-1
2025-08-13 23:14:08,565:WARNING:D:\Python\lib\site-packages\sklearn\discriminant_analysis.py:935: UserWarning: Variables are collinear
  warnings.warn("Variables are collinear")

2025-08-13 23:14:08,565:WARNING:D:\Python\lib\site-packages\sklearn\discriminant_analysis.py:935: UserWarning: Variables are collinear
  warnings.warn("Variables are collinear")

2025-08-13 23:14:08,565:WARNING:D:\Python\lib\site-packages\sklearn\discriminant_analysis.py:935: UserWarning: Variables are collinear
  warnings.warn("Variables are collinear")

2025-08-13 23:14:08,581:WARNING:D:\Python\lib\site-packages\sklearn\discriminant_analysis.py:935: UserWarning: Variables are collinear
  warnings.warn("Variables are collinear")

2025-08-13 23:14:08,750:WARNING:D:\Python\lib\site-packages\sklearn\discriminant_analysis.py:935: UserWarning: Variables are collinear
  warnings.warn("Variables are collinear")

2025-08-13 23:14:08,771:WARNING:D:\Python\lib\site-packages\sklearn\discriminant_analysis.py:935: UserWarning: Variables are collinear
  warnings.warn("Variables are collinear")

2025-08-13 23:14:08,815:WARNING:D:\Python\lib\site-packages\sklearn\discriminant_analysis.py:935: UserWarning: Variables are collinear
  warnings.warn("Variables are collinear")

2025-08-13 23:14:09,286:WARNING:D:\Python\lib\site-packages\sklearn\discriminant_analysis.py:935: UserWarning: Variables are collinear
  warnings.warn("Variables are collinear")

2025-08-13 23:14:10,354:WARNING:D:\Python\lib\site-packages\sklearn\discriminant_analysis.py:935: UserWarning: Variables are collinear
  warnings.warn("Variables are collinear")

2025-08-13 23:14:10,396:WARNING:D:\Python\lib\site-packages\sklearn\discriminant_analysis.py:935: UserWarning: Variables are collinear
  warnings.warn("Variables are collinear")

2025-08-13 23:14:10,587:INFO:Calculating mean and std
2025-08-13 23:14:10,587:INFO:Creating metrics dataframe
2025-08-13 23:14:10,587:INFO:Uploading results into container
2025-08-13 23:14:10,587:INFO:Uploading model into container now
2025-08-13 23:14:10,587:INFO:_master_model_container: 8
2025-08-13 23:14:10,587:INFO:_display_container: 2
2025-08-13 23:14:10,587:INFO:QuadraticDiscriminantAnalysis(priors=None, reg_param=0.0,
                              store_covariance=False, tol=0.0001)
2025-08-13 23:14:10,587:INFO:create_model() successfully completed......................................
2025-08-13 23:14:10,727:INFO:SubProcess create_model() end ==================================
2025-08-13 23:14:10,727:INFO:Creating metrics dataframe
2025-08-13 23:14:10,727:INFO:Initializing Ada Boost Classifier
2025-08-13 23:14:10,727:INFO:Total runtime is 1.4218360940615338 minutes
2025-08-13 23:14:10,727:INFO:SubProcess create_model() called ==================================
2025-08-13 23:14:10,727:INFO:Initializing create_model()
2025-08-13 23:14:10,727:INFO:create_model(self=<pycaret.classification.oop.ClassificationExperiment object at 0x00000197B8237D60>, estimator=ada, fold=StratifiedKFold(n_splits=10, random_state=None, shuffle=False), round=4, cross_validation=True, predict=True, fit_kwargs={}, groups=None, refit=False, probability_threshold=None, experiment_custom_tags=None, verbose=False, system=False, add_to_model_list=True, metrics=None, display=<pycaret.internal.display.display.CommonDisplay object at 0x00000197EC2A3040>, model_only=True, return_train_score=False, error_score=0.0, kwargs={})
2025-08-13 23:14:10,727:INFO:Checking exceptions
2025-08-13 23:14:10,727:INFO:Importing libraries
2025-08-13 23:14:10,727:INFO:Copying training dataset
2025-08-13 23:14:10,756:INFO:Defining folds
2025-08-13 23:14:10,758:INFO:Declaring metric variables
2025-08-13 23:14:10,758:INFO:Importing untrained model
2025-08-13 23:14:10,758:INFO:Ada Boost Classifier Imported successfully
2025-08-13 23:14:10,758:INFO:Starting cross validation
2025-08-13 23:14:10,760:INFO:Cross validating with StratifiedKFold(n_splits=10, random_state=None, shuffle=False), n_jobs=-1
2025-08-13 23:14:12,759:WARNING:D:\Python\lib\site-packages\sklearn\ensemble\_weight_boosting.py:519: FutureWarning: The SAMME.R algorithm (the default) is deprecated and will be removed in 1.6. Use the SAMME algorithm to circumvent this warning.
  warnings.warn(

2025-08-13 23:14:12,817:WARNING:D:\Python\lib\site-packages\sklearn\ensemble\_weight_boosting.py:519: FutureWarning: The SAMME.R algorithm (the default) is deprecated and will be removed in 1.6. Use the SAMME algorithm to circumvent this warning.
  warnings.warn(

2025-08-13 23:14:12,848:WARNING:D:\Python\lib\site-packages\sklearn\ensemble\_weight_boosting.py:519: FutureWarning: The SAMME.R algorithm (the default) is deprecated and will be removed in 1.6. Use the SAMME algorithm to circumvent this warning.
  warnings.warn(

2025-08-13 23:14:12,855:WARNING:D:\Python\lib\site-packages\sklearn\ensemble\_weight_boosting.py:519: FutureWarning: The SAMME.R algorithm (the default) is deprecated and will be removed in 1.6. Use the SAMME algorithm to circumvent this warning.
  warnings.warn(

2025-08-13 23:14:12,938:WARNING:D:\Python\lib\site-packages\sklearn\ensemble\_weight_boosting.py:519: FutureWarning: The SAMME.R algorithm (the default) is deprecated and will be removed in 1.6. Use the SAMME algorithm to circumvent this warning.
  warnings.warn(

2025-08-13 23:14:13,040:WARNING:D:\Python\lib\site-packages\sklearn\ensemble\_weight_boosting.py:519: FutureWarning: The SAMME.R algorithm (the default) is deprecated and will be removed in 1.6. Use the SAMME algorithm to circumvent this warning.
  warnings.warn(

2025-08-13 23:14:13,046:WARNING:D:\Python\lib\site-packages\sklearn\ensemble\_weight_boosting.py:519: FutureWarning: The SAMME.R algorithm (the default) is deprecated and will be removed in 1.6. Use the SAMME algorithm to circumvent this warning.
  warnings.warn(

2025-08-13 23:14:13,068:WARNING:D:\Python\lib\site-packages\sklearn\ensemble\_weight_boosting.py:519: FutureWarning: The SAMME.R algorithm (the default) is deprecated and will be removed in 1.6. Use the SAMME algorithm to circumvent this warning.
  warnings.warn(

2025-08-13 23:14:19,461:WARNING:D:\Python\lib\site-packages\sklearn\ensemble\_weight_boosting.py:519: FutureWarning: The SAMME.R algorithm (the default) is deprecated and will be removed in 1.6. Use the SAMME algorithm to circumvent this warning.
  warnings.warn(

2025-08-13 23:14:19,464:WARNING:D:\Python\lib\site-packages\sklearn\ensemble\_weight_boosting.py:519: FutureWarning: The SAMME.R algorithm (the default) is deprecated and will be removed in 1.6. Use the SAMME algorithm to circumvent this warning.
  warnings.warn(

2025-08-13 23:14:22,385:INFO:Calculating mean and std
2025-08-13 23:14:22,386:INFO:Creating metrics dataframe
2025-08-13 23:14:22,387:INFO:Uploading results into container
2025-08-13 23:14:22,387:INFO:Uploading model into container now
2025-08-13 23:14:22,389:INFO:_master_model_container: 9
2025-08-13 23:14:22,389:INFO:_display_container: 2
2025-08-13 23:14:22,389:INFO:AdaBoostClassifier(algorithm='SAMME.R', estimator=None, learning_rate=1.0,
                   n_estimators=50, random_state=123)
2025-08-13 23:14:22,389:INFO:create_model() successfully completed......................................
2025-08-13 23:14:22,516:INFO:SubProcess create_model() end ==================================
2025-08-13 23:14:22,516:INFO:Creating metrics dataframe
2025-08-13 23:14:22,516:INFO:Initializing Gradient Boosting Classifier
2025-08-13 23:14:22,516:INFO:Total runtime is 1.6183221538861594 minutes
2025-08-13 23:14:22,516:INFO:SubProcess create_model() called ==================================
2025-08-13 23:14:22,516:INFO:Initializing create_model()
2025-08-13 23:14:22,516:INFO:create_model(self=<pycaret.classification.oop.ClassificationExperiment object at 0x00000197B8237D60>, estimator=gbc, fold=StratifiedKFold(n_splits=10, random_state=None, shuffle=False), round=4, cross_validation=True, predict=True, fit_kwargs={}, groups=None, refit=False, probability_threshold=None, experiment_custom_tags=None, verbose=False, system=False, add_to_model_list=True, metrics=None, display=<pycaret.internal.display.display.CommonDisplay object at 0x00000197EC2A3040>, model_only=True, return_train_score=False, error_score=0.0, kwargs={})
2025-08-13 23:14:22,516:INFO:Checking exceptions
2025-08-13 23:14:22,516:INFO:Importing libraries
2025-08-13 23:14:22,516:INFO:Copying training dataset
2025-08-13 23:14:22,532:INFO:Defining folds
2025-08-13 23:14:22,532:INFO:Declaring metric variables
2025-08-13 23:14:22,548:INFO:Importing untrained model
2025-08-13 23:14:22,548:INFO:Gradient Boosting Classifier Imported successfully
2025-08-13 23:14:22,548:INFO:Starting cross validation
2025-08-13 23:14:22,548:INFO:Cross validating with StratifiedKFold(n_splits=10, random_state=None, shuffle=False), n_jobs=-1
2025-08-13 23:14:59,050:INFO:Calculating mean and std
2025-08-13 23:14:59,050:INFO:Creating metrics dataframe
2025-08-13 23:14:59,050:INFO:Uploading results into container
2025-08-13 23:14:59,050:INFO:Uploading model into container now
2025-08-13 23:14:59,050:INFO:_master_model_container: 10
2025-08-13 23:14:59,050:INFO:_display_container: 2
2025-08-13 23:14:59,050:INFO:GradientBoostingClassifier(ccp_alpha=0.0, criterion='friedman_mse', init=None,
                           learning_rate=0.1, loss='log_loss', max_depth=3,
                           max_features=None, max_leaf_nodes=None,
                           min_impurity_decrease=0.0, min_samples_leaf=1,
                           min_samples_split=2, min_weight_fraction_leaf=0.0,
                           n_estimators=100, n_iter_no_change=None,
                           random_state=123, subsample=1.0, tol=0.0001,
                           validation_fraction=0.1, verbose=0,
                           warm_start=False)
2025-08-13 23:14:59,050:INFO:create_model() successfully completed......................................
2025-08-13 23:14:59,184:INFO:SubProcess create_model() end ==================================
2025-08-13 23:14:59,184:INFO:Creating metrics dataframe
2025-08-13 23:14:59,184:INFO:Initializing Linear Discriminant Analysis
2025-08-13 23:14:59,184:INFO:Total runtime is 2.229445993900299 minutes
2025-08-13 23:14:59,184:INFO:SubProcess create_model() called ==================================
2025-08-13 23:14:59,184:INFO:Initializing create_model()
2025-08-13 23:14:59,184:INFO:create_model(self=<pycaret.classification.oop.ClassificationExperiment object at 0x00000197B8237D60>, estimator=lda, fold=StratifiedKFold(n_splits=10, random_state=None, shuffle=False), round=4, cross_validation=True, predict=True, fit_kwargs={}, groups=None, refit=False, probability_threshold=None, experiment_custom_tags=None, verbose=False, system=False, add_to_model_list=True, metrics=None, display=<pycaret.internal.display.display.CommonDisplay object at 0x00000197EC2A3040>, model_only=True, return_train_score=False, error_score=0.0, kwargs={})
2025-08-13 23:14:59,184:INFO:Checking exceptions
2025-08-13 23:14:59,184:INFO:Importing libraries
2025-08-13 23:14:59,184:INFO:Copying training dataset
2025-08-13 23:14:59,210:INFO:Defining folds
2025-08-13 23:14:59,210:INFO:Declaring metric variables
2025-08-13 23:14:59,210:INFO:Importing untrained model
2025-08-13 23:14:59,210:INFO:Linear Discriminant Analysis Imported successfully
2025-08-13 23:14:59,210:INFO:Starting cross validation
2025-08-13 23:14:59,216:INFO:Cross validating with StratifiedKFold(n_splits=10, random_state=None, shuffle=False), n_jobs=-1
2025-08-13 23:15:04,405:INFO:Calculating mean and std
2025-08-13 23:15:04,405:INFO:Creating metrics dataframe
2025-08-13 23:15:04,405:INFO:Uploading results into container
2025-08-13 23:15:04,405:INFO:Uploading model into container now
2025-08-13 23:15:04,410:INFO:_master_model_container: 11
2025-08-13 23:15:04,410:INFO:_display_container: 2
2025-08-13 23:15:04,410:INFO:LinearDiscriminantAnalysis(covariance_estimator=None, n_components=None,
                           priors=None, shrinkage=None, solver='svd',
                           store_covariance=False, tol=0.0001)
2025-08-13 23:15:04,410:INFO:create_model() successfully completed......................................
2025-08-13 23:15:04,585:INFO:SubProcess create_model() end ==================================
2025-08-13 23:15:04,585:INFO:Creating metrics dataframe
2025-08-13 23:15:04,585:INFO:Initializing Extra Trees Classifier
2025-08-13 23:15:04,585:INFO:Total runtime is 2.3194753925005593 minutes
2025-08-13 23:15:04,585:INFO:SubProcess create_model() called ==================================
2025-08-13 23:15:04,585:INFO:Initializing create_model()
2025-08-13 23:15:04,585:INFO:create_model(self=<pycaret.classification.oop.ClassificationExperiment object at 0x00000197B8237D60>, estimator=et, fold=StratifiedKFold(n_splits=10, random_state=None, shuffle=False), round=4, cross_validation=True, predict=True, fit_kwargs={}, groups=None, refit=False, probability_threshold=None, experiment_custom_tags=None, verbose=False, system=False, add_to_model_list=True, metrics=None, display=<pycaret.internal.display.display.CommonDisplay object at 0x00000197EC2A3040>, model_only=True, return_train_score=False, error_score=0.0, kwargs={})
2025-08-13 23:15:04,585:INFO:Checking exceptions
2025-08-13 23:15:04,585:INFO:Importing libraries
2025-08-13 23:15:04,585:INFO:Copying training dataset
2025-08-13 23:15:04,617:INFO:Defining folds
2025-08-13 23:15:04,617:INFO:Declaring metric variables
2025-08-13 23:15:04,617:INFO:Importing untrained model
2025-08-13 23:15:04,617:INFO:Extra Trees Classifier Imported successfully
2025-08-13 23:15:04,617:INFO:Starting cross validation
2025-08-13 23:15:04,617:INFO:Cross validating with StratifiedKFold(n_splits=10, random_state=None, shuffle=False), n_jobs=-1
2025-08-13 23:15:23,913:INFO:Calculating mean and std
2025-08-13 23:15:23,915:INFO:Creating metrics dataframe
2025-08-13 23:15:23,915:INFO:Uploading results into container
2025-08-13 23:15:23,915:INFO:Uploading model into container now
2025-08-13 23:15:23,915:INFO:_master_model_container: 12
2025-08-13 23:15:23,915:INFO:_display_container: 2
2025-08-13 23:15:23,915:INFO:ExtraTreesClassifier(bootstrap=False, ccp_alpha=0.0, class_weight=None,
                     criterion='gini', max_depth=None, max_features='sqrt',
                     max_leaf_nodes=None, max_samples=None,
                     min_impurity_decrease=0.0, min_samples_leaf=1,
                     min_samples_split=2, min_weight_fraction_leaf=0.0,
                     monotonic_cst=None, n_estimators=100, n_jobs=-1,
                     oob_score=False, random_state=123, verbose=0,
                     warm_start=False)
2025-08-13 23:15:23,915:INFO:create_model() successfully completed......................................
2025-08-13 23:15:24,215:INFO:SubProcess create_model() end ==================================
2025-08-13 23:15:24,215:INFO:Creating metrics dataframe
2025-08-13 23:15:24,224:INFO:Initializing Extreme Gradient Boosting
2025-08-13 23:15:24,224:INFO:Total runtime is 2.646786876519521 minutes
2025-08-13 23:15:24,224:INFO:SubProcess create_model() called ==================================
2025-08-13 23:15:24,224:INFO:Initializing create_model()
2025-08-13 23:15:24,224:INFO:create_model(self=<pycaret.classification.oop.ClassificationExperiment object at 0x00000197B8237D60>, estimator=xgboost, fold=StratifiedKFold(n_splits=10, random_state=None, shuffle=False), round=4, cross_validation=True, predict=True, fit_kwargs={}, groups=None, refit=False, probability_threshold=None, experiment_custom_tags=None, verbose=False, system=False, add_to_model_list=True, metrics=None, display=<pycaret.internal.display.display.CommonDisplay object at 0x00000197EC2A3040>, model_only=True, return_train_score=False, error_score=0.0, kwargs={})
2025-08-13 23:15:24,224:INFO:Checking exceptions
2025-08-13 23:15:24,224:INFO:Importing libraries
2025-08-13 23:15:24,224:INFO:Copying training dataset
2025-08-13 23:15:24,251:INFO:Defining folds
2025-08-13 23:15:24,251:INFO:Declaring metric variables
2025-08-13 23:15:24,251:INFO:Importing untrained model
2025-08-13 23:15:24,276:INFO:Extreme Gradient Boosting Imported successfully
2025-08-13 23:15:24,279:INFO:Starting cross validation
2025-08-13 23:15:24,283:INFO:Cross validating with StratifiedKFold(n_splits=10, random_state=None, shuffle=False), n_jobs=-1
2025-08-13 23:15:31,455:INFO:Calculating mean and std
2025-08-13 23:15:31,457:INFO:Creating metrics dataframe
2025-08-13 23:15:31,459:INFO:Uploading results into container
2025-08-13 23:15:31,459:INFO:Uploading model into container now
2025-08-13 23:15:31,459:INFO:_master_model_container: 13
2025-08-13 23:15:31,460:INFO:_display_container: 2
2025-08-13 23:15:31,472:INFO:XGBClassifier(base_score=None, booster='gbtree', callbacks=None,
              colsample_bylevel=None, colsample_bynode=None,
              colsample_bytree=None, device='cpu', early_stopping_rounds=None,
              enable_categorical=False, eval_metric=None, feature_types=None,
              feature_weights=None, gamma=None, grow_policy=None,
              importance_type=None, interaction_constraints=None,
              learning_rate=None, max_bin=None, max_cat_threshold=None,
              max_cat_to_onehot=None, max_delta_step=None, max_depth=None,
              max_leaves=None, min_child_weight=None, missing=nan,
              monotone_constraints=None, multi_strategy=None, n_estimators=None,
              n_jobs=-1, num_parallel_tree=None, ...)
2025-08-13 23:15:31,475:INFO:create_model() successfully completed......................................
2025-08-13 23:15:31,623:INFO:SubProcess create_model() end ==================================
2025-08-13 23:15:31,623:INFO:Creating metrics dataframe
2025-08-13 23:15:31,636:INFO:Initializing Light Gradient Boosting Machine
2025-08-13 23:15:31,636:INFO:Total runtime is 2.770315496126811 minutes
2025-08-13 23:15:31,636:INFO:SubProcess create_model() called ==================================
2025-08-13 23:15:31,636:INFO:Initializing create_model()
2025-08-13 23:15:31,636:INFO:create_model(self=<pycaret.classification.oop.ClassificationExperiment object at 0x00000197B8237D60>, estimator=lightgbm, fold=StratifiedKFold(n_splits=10, random_state=None, shuffle=False), round=4, cross_validation=True, predict=True, fit_kwargs={}, groups=None, refit=False, probability_threshold=None, experiment_custom_tags=None, verbose=False, system=False, add_to_model_list=True, metrics=None, display=<pycaret.internal.display.display.CommonDisplay object at 0x00000197EC2A3040>, model_only=True, return_train_score=False, error_score=0.0, kwargs={})
2025-08-13 23:15:31,636:INFO:Checking exceptions
2025-08-13 23:15:31,636:INFO:Importing libraries
2025-08-13 23:15:31,636:INFO:Copying training dataset
2025-08-13 23:15:31,667:INFO:Defining folds
2025-08-13 23:15:31,667:INFO:Declaring metric variables
2025-08-13 23:15:31,667:INFO:Importing untrained model
2025-08-13 23:15:31,667:INFO:Light Gradient Boosting Machine Imported successfully
2025-08-13 23:15:31,667:INFO:Starting cross validation
2025-08-13 23:15:31,667:INFO:Cross validating with StratifiedKFold(n_splits=10, random_state=None, shuffle=False), n_jobs=-1
2025-08-13 23:15:38,358:INFO:Calculating mean and std
2025-08-13 23:15:38,360:INFO:Creating metrics dataframe
2025-08-13 23:15:38,362:INFO:Uploading results into container
2025-08-13 23:15:38,362:INFO:Uploading model into container now
2025-08-13 23:15:38,362:INFO:_master_model_container: 14
2025-08-13 23:15:38,362:INFO:_display_container: 2
2025-08-13 23:15:38,364:INFO:LGBMClassifier(boosting_type='gbdt', class_weight=None, colsample_bytree=1.0,
               importance_type='split', learning_rate=0.1, max_depth=-1,
               min_child_samples=20, min_child_weight=0.001, min_split_gain=0.0,
               n_estimators=100, n_jobs=-1, num_leaves=31, objective=None,
               random_state=123, reg_alpha=0.0, reg_lambda=0.0, subsample=1.0,
               subsample_for_bin=200000, subsample_freq=0)
2025-08-13 23:15:38,364:INFO:create_model() successfully completed......................................
2025-08-13 23:15:38,529:INFO:SubProcess create_model() end ==================================
2025-08-13 23:15:38,529:INFO:Creating metrics dataframe
2025-08-13 23:15:38,557:INFO:Initializing CatBoost Classifier
2025-08-13 23:15:38,557:INFO:Total runtime is 2.885663481553396 minutes
2025-08-13 23:15:38,557:INFO:SubProcess create_model() called ==================================
2025-08-13 23:15:38,557:INFO:Initializing create_model()
2025-08-13 23:15:38,557:INFO:create_model(self=<pycaret.classification.oop.ClassificationExperiment object at 0x00000197B8237D60>, estimator=catboost, fold=StratifiedKFold(n_splits=10, random_state=None, shuffle=False), round=4, cross_validation=True, predict=True, fit_kwargs={}, groups=None, refit=False, probability_threshold=None, experiment_custom_tags=None, verbose=False, system=False, add_to_model_list=True, metrics=None, display=<pycaret.internal.display.display.CommonDisplay object at 0x00000197EC2A3040>, model_only=True, return_train_score=False, error_score=0.0, kwargs={})
2025-08-13 23:15:38,557:INFO:Checking exceptions
2025-08-13 23:15:38,557:INFO:Importing libraries
2025-08-13 23:15:38,557:INFO:Copying training dataset
2025-08-13 23:15:38,576:INFO:Defining folds
2025-08-13 23:15:38,576:INFO:Declaring metric variables
2025-08-13 23:15:38,576:INFO:Importing untrained model
2025-08-13 23:15:38,715:INFO:CatBoost Classifier Imported successfully
2025-08-13 23:15:38,715:INFO:Starting cross validation
2025-08-13 23:15:38,715:INFO:Cross validating with StratifiedKFold(n_splits=10, random_state=None, shuffle=False), n_jobs=-1
2025-08-13 23:16:16,599:WARNING:D:\Python\lib\site-packages\sklearn\model_selection\_validation.py:547: FitFailedWarning: 
6 fits failed out of a total of 10.
The score on these train-test partitions for these parameters will be set to 0.0.
If these failures are not expected, you can try to debug them by setting error_score='raise'.

Below are more details about the failures:
--------------------------------------------------------------------------------
6 fits failed with the following error:
Traceback (most recent call last):
  File "D:\Python\lib\site-packages\sklearn\model_selection\_validation.py", line 895, in _fit_and_score
    estimator.fit(X_train, y_train, **fit_params)
  File "D:\Python\lib\site-packages\pycaret\internal\pipeline.py", line 278, in fit
    fitted_estimator = self._memory_fit(
  File "D:\Python\lib\site-packages\joblib\memory.py", line 353, in __call__
    return self.func(*args, **kwargs)
  File "D:\Python\lib\site-packages\pycaret\internal\pipeline.py", line 69, in _fit_one
    transformer.fit(*args)
  File "D:\Python\lib\site-packages\catboost\core.py", line 5245, in fit
    self._fit(X, y, cat_features, text_features, embedding_features, None, graph, sample_weight, None, None, None, None, baseline, use_best_model,
  File "D:\Python\lib\site-packages\catboost\core.py", line 2410, in _fit
    self._train(
  File "D:\Python\lib\site-packages\catboost\core.py", line 1790, in _train
    self._object._train(train_pool, test_pool, params, allow_clear_pool, init_model._object if init_model else None)
  File "_catboost.pyx", line 5023, in _catboost._CatBoost._train
  File "_catboost.pyx", line 5072, in _catboost._CatBoost._train
_catboost.CatBoostError: catboost/libs/train_lib/dir_helper.cpp:20: Can't create train working dir: catboost_info


2025-08-13 23:16:16,599:INFO:Calculating mean and std
2025-08-13 23:16:16,603:INFO:Creating metrics dataframe
2025-08-13 23:16:16,603:INFO:Uploading results into container
2025-08-13 23:16:16,603:INFO:Uploading model into container now
2025-08-13 23:16:16,603:INFO:_master_model_container: 15
2025-08-13 23:16:16,603:INFO:_display_container: 2
2025-08-13 23:16:16,603:INFO:<catboost.core.CatBoostClassifier object at 0x00000197EC375F90>
2025-08-13 23:16:16,603:INFO:create_model() successfully completed......................................
2025-08-13 23:16:16,768:WARNING:create_model() for <catboost.core.CatBoostClassifier object at 0x00000197EC375F90> raised an exception or returned all 0.0, trying without fit_kwargs:
2025-08-13 23:16:16,768:WARNING:Traceback (most recent call last):
  File "D:\Python\lib\site-packages\pycaret\internal\pycaret_experiment\supervised_experiment.py", line 796, in compare_models
    assert (
AssertionError

2025-08-13 23:16:16,768:INFO:Initializing create_model()
2025-08-13 23:16:16,768:INFO:create_model(self=<pycaret.classification.oop.ClassificationExperiment object at 0x00000197B8237D60>, estimator=catboost, fold=StratifiedKFold(n_splits=10, random_state=None, shuffle=False), round=4, cross_validation=True, predict=True, fit_kwargs={}, groups=None, refit=False, probability_threshold=None, experiment_custom_tags=None, verbose=False, system=False, add_to_model_list=True, metrics=None, display=<pycaret.internal.display.display.CommonDisplay object at 0x00000197EC2A3040>, model_only=True, return_train_score=False, error_score=0.0, kwargs={})
2025-08-13 23:16:16,768:INFO:Checking exceptions
2025-08-13 23:16:16,768:INFO:Importing libraries
2025-08-13 23:16:16,768:INFO:Copying training dataset
2025-08-13 23:16:16,796:INFO:Defining folds
2025-08-13 23:16:16,796:INFO:Declaring metric variables
2025-08-13 23:16:16,796:INFO:Importing untrained model
2025-08-13 23:16:16,796:INFO:CatBoost Classifier Imported successfully
2025-08-13 23:16:16,796:INFO:Starting cross validation
2025-08-13 23:16:16,805:INFO:Cross validating with StratifiedKFold(n_splits=10, random_state=None, shuffle=False), n_jobs=-1
2025-08-13 23:17:49,733:INFO:Calculating mean and std
2025-08-13 23:17:49,733:INFO:Creating metrics dataframe
2025-08-13 23:17:49,737:INFO:Uploading results into container
2025-08-13 23:17:49,737:INFO:Uploading model into container now
2025-08-13 23:17:49,737:INFO:_master_model_container: 16
2025-08-13 23:17:49,737:INFO:_display_container: 2
2025-08-13 23:17:49,737:INFO:<catboost.core.CatBoostClassifier object at 0x00000197EAD7B250>
2025-08-13 23:17:49,737:INFO:create_model() successfully completed......................................
2025-08-13 23:17:49,897:INFO:SubProcess create_model() end ==================================
2025-08-13 23:17:49,897:INFO:Creating metrics dataframe
2025-08-13 23:17:49,899:INFO:Initializing Dummy Classifier
2025-08-13 23:17:49,899:INFO:Total runtime is 5.074703963597615 minutes
2025-08-13 23:17:49,899:INFO:SubProcess create_model() called ==================================
2025-08-13 23:17:49,899:INFO:Initializing create_model()
2025-08-13 23:17:49,899:INFO:create_model(self=<pycaret.classification.oop.ClassificationExperiment object at 0x00000197B8237D60>, estimator=dummy, fold=StratifiedKFold(n_splits=10, random_state=None, shuffle=False), round=4, cross_validation=True, predict=True, fit_kwargs={}, groups=None, refit=False, probability_threshold=None, experiment_custom_tags=None, verbose=False, system=False, add_to_model_list=True, metrics=None, display=<pycaret.internal.display.display.CommonDisplay object at 0x00000197EC2A3040>, model_only=True, return_train_score=False, error_score=0.0, kwargs={})
2025-08-13 23:17:49,899:INFO:Checking exceptions
2025-08-13 23:17:49,899:INFO:Importing libraries
2025-08-13 23:17:49,899:INFO:Copying training dataset
2025-08-13 23:17:49,915:INFO:Defining folds
2025-08-13 23:17:49,915:INFO:Declaring metric variables
2025-08-13 23:17:49,915:INFO:Importing untrained model
2025-08-13 23:17:49,915:INFO:Dummy Classifier Imported successfully
2025-08-13 23:17:49,915:INFO:Starting cross validation
2025-08-13 23:17:49,915:INFO:Cross validating with StratifiedKFold(n_splits=10, random_state=None, shuffle=False), n_jobs=-1
2025-08-13 23:17:53,160:INFO:Calculating mean and std
2025-08-13 23:17:53,160:INFO:Creating metrics dataframe
2025-08-13 23:17:53,162:INFO:Uploading results into container
2025-08-13 23:17:53,162:INFO:Uploading model into container now
2025-08-13 23:17:53,164:INFO:_master_model_container: 17
2025-08-13 23:17:53,164:INFO:_display_container: 2
2025-08-13 23:17:53,164:INFO:DummyClassifier(constant=None, random_state=123, strategy='prior')
2025-08-13 23:17:53,164:INFO:create_model() successfully completed......................................
2025-08-13 23:17:53,346:INFO:SubProcess create_model() end ==================================
2025-08-13 23:17:53,346:INFO:Creating metrics dataframe
2025-08-13 23:17:53,346:WARNING:D:\Python\lib\site-packages\pycaret\internal\pycaret_experiment\supervised_experiment.py:323: FutureWarning: Styler.applymap has been deprecated. Use Styler.map instead.

2025-08-13 23:17:53,346:INFO:Initializing create_model()
2025-08-13 23:17:53,346:INFO:create_model(self=<pycaret.classification.oop.ClassificationExperiment object at 0x00000197B8237D60>, estimator=RandomForestClassifier(bootstrap=True, ccp_alpha=0.0, class_weight=None,
                       criterion='gini', max_depth=None, max_features='sqrt',
                       max_leaf_nodes=None, max_samples=None,
                       min_impurity_decrease=0.0, min_samples_leaf=1,
                       min_samples_split=2, min_weight_fraction_leaf=0.0,
                       monotonic_cst=None, n_estimators=100, n_jobs=-1,
                       oob_score=False, random_state=123, verbose=0,
                       warm_start=False), fold=StratifiedKFold(n_splits=10, random_state=None, shuffle=False), round=4, cross_validation=False, predict=False, fit_kwargs={}, groups=None, refit=True, probability_threshold=None, experiment_custom_tags=None, verbose=False, system=False, add_to_model_list=True, metrics=None, display=None, model_only=True, return_train_score=False, error_score=0.0, kwargs={})
2025-08-13 23:17:53,346:INFO:Checking exceptions
2025-08-13 23:17:53,362:INFO:Importing libraries
2025-08-13 23:17:53,362:INFO:Copying training dataset
2025-08-13 23:17:53,398:INFO:Defining folds
2025-08-13 23:17:53,398:INFO:Declaring metric variables
2025-08-13 23:17:53,398:INFO:Importing untrained model
2025-08-13 23:17:53,398:INFO:Declaring custom model
2025-08-13 23:17:53,398:INFO:Random Forest Classifier Imported successfully
2025-08-13 23:17:53,398:INFO:Cross validation set to False
2025-08-13 23:17:53,398:INFO:Fitting Model
2025-08-13 23:17:56,467:INFO:RandomForestClassifier(bootstrap=True, ccp_alpha=0.0, class_weight=None,
                       criterion='gini', max_depth=None, max_features='sqrt',
                       max_leaf_nodes=None, max_samples=None,
                       min_impurity_decrease=0.0, min_samples_leaf=1,
                       min_samples_split=2, min_weight_fraction_leaf=0.0,
                       monotonic_cst=None, n_estimators=100, n_jobs=-1,
                       oob_score=False, random_state=123, verbose=0,
                       warm_start=False)
2025-08-13 23:17:56,467:INFO:create_model() successfully completed......................................
2025-08-13 23:17:56,643:INFO:_master_model_container: 17
2025-08-13 23:17:56,643:INFO:_display_container: 2
2025-08-13 23:17:56,643:INFO:RandomForestClassifier(bootstrap=True, ccp_alpha=0.0, class_weight=None,
                       criterion='gini', max_depth=None, max_features='sqrt',
                       max_leaf_nodes=None, max_samples=None,
                       min_impurity_decrease=0.0, min_samples_leaf=1,
                       min_samples_split=2, min_weight_fraction_leaf=0.0,
                       monotonic_cst=None, n_estimators=100, n_jobs=-1,
                       oob_score=False, random_state=123, verbose=0,
                       warm_start=False)
2025-08-13 23:17:56,643:INFO:compare_models() successfully completed......................................
2025-08-13 23:17:56,697:INFO:Initializing save_model()
2025-08-13 23:17:56,697:INFO:save_model(model=RandomForestClassifier(bootstrap=True, ccp_alpha=0.0, class_weight=None,
                       criterion='gini', max_depth=None, max_features='sqrt',
                       max_leaf_nodes=None, max_samples=None,
                       min_impurity_decrease=0.0, min_samples_leaf=1,
                       min_samples_split=2, min_weight_fraction_leaf=0.0,
                       monotonic_cst=None, n_estimators=100, n_jobs=-1,
                       oob_score=False, random_state=123, verbose=0,
                       warm_start=False), model_name=loan_model, prep_pipe_=Pipeline(memory=FastMemory(location=C:\Users\shikh\AppData\Local\Temp\joblib),
         steps=[('numerical_imputer',
                 TransformerWrapper(exclude=None,
                                    include=['Applicant_ID', 'Age',
                                             'Dependents', 'Annual_Income',
                                             'Monthly_Expenses', 'Credit_Score',
                                             'Existing_Loans',
                                             'Total_Existing_Loan_Amount',
                                             'Outstanding_Debt', 'Loan_History',
                                             'Loan_Amount_Requested',
                                             'Loan_Term', 'In...
                                                              handle_missing='return_nan',
                                                              handle_unknown='value',
                                                              return_df=True,
                                                              use_cat_names=True,
                                                              verbose=0))),
                ('normalize',
                 TransformerWrapper(exclude=None, include=None,
                                    transformer=StandardScaler(copy=True,
                                                               with_mean=True,
                                                               with_std=True))),
                ('clean_column_names',
                 TransformerWrapper(exclude=None, include=None,
                                    transformer=CleanColumnNames(match='[\\]\\[\\,\\{\\}\\"\\:]+')))],
         verbose=False), verbose=True, use_case=MLUsecase.CLASSIFICATION, kwargs={})
2025-08-13 23:17:56,697:INFO:Adding model into prep_pipe
2025-08-13 23:17:56,830:INFO:loan_model.pkl saved in current working directory
2025-08-13 23:17:56,878:INFO:Pipeline(memory=Memory(location=None),
         steps=[('numerical_imputer',
                 TransformerWrapper(exclude=None,
                                    include=['Applicant_ID', 'Age',
                                             'Dependents', 'Annual_Income',
                                             'Monthly_Expenses', 'Credit_Score',
                                             'Existing_Loans',
                                             'Total_Existing_Loan_Amount',
                                             'Outstanding_Debt', 'Loan_History',
                                             'Loan_Amount_Requested',
                                             'Loan_Term', 'Interest_Rate',
                                             'Bank_Account_History',
                                             'Tra...
                 RandomForestClassifier(bootstrap=True, ccp_alpha=0.0,
                                        class_weight=None, criterion='gini',
                                        max_depth=None, max_features='sqrt',
                                        max_leaf_nodes=None, max_samples=None,
                                        min_impurity_decrease=0.0,
                                        min_samples_leaf=1, min_samples_split=2,
                                        min_weight_fraction_leaf=0.0,
                                        monotonic_cst=None, n_estimators=100,
                                        n_jobs=-1, oob_score=False,
                                        random_state=123, verbose=0,
                                        warm_start=False))],
         verbose=False)
2025-08-13 23:17:56,878:INFO:save_model() successfully completed......................................
2025-08-13 23:39:19,471:WARNING:
'cuml' is a soft dependency and not included in the pycaret installation. Please run: `pip install cuml` to install.
2025-08-13 23:39:19,487:WARNING:
'cuml' is a soft dependency and not included in the pycaret installation. Please run: `pip install cuml` to install.
2025-08-13 23:39:19,487:WARNING:
'cuml' is a soft dependency and not included in the pycaret installation. Please run: `pip install cuml` to install.
2025-08-13 23:39:19,487:WARNING:
'cuml' is a soft dependency and not included in the pycaret installation. Please run: `pip install cuml` to install.
2025-08-13 23:39:26,525:INFO:Initializing load_model()
2025-08-13 23:39:26,525:INFO:load_model(model_name=loan_model, platform=None, authentication=None, verbose=True)
2025-08-13 23:43:57,148:INFO:Initializing predict_model()
2025-08-13 23:43:57,148:INFO:predict_model(self=<pycaret.classification.oop.ClassificationExperiment object at 0x000001B8D06B3250>, estimator=Pipeline(memory=Memory(location=None),
         steps=[('numerical_imputer',
                 TransformerWrapper(include=['Applicant_ID', 'Age',
                                             'Dependents', 'Annual_Income',
                                             'Monthly_Expenses', 'Credit_Score',
                                             'Existing_Loans',
                                             'Total_Existing_Loan_Amount',
                                             'Outstanding_Debt', 'Loan_History',
                                             'Loan_Amount_Requested',
                                             'Loan_Term', 'Interest_Rate',
                                             'Bank_Account_History',
                                             'Transaction_Freq...
                                                                    'Education',
                                                                    'Employment_Status',
                                                                    'Occupation_Type',
                                                                    'Residential_Status',
                                                                    'City/Town',
                                                                    'Loan_Purpose'],
                                                              handle_missing='return_nan',
                                                              use_cat_names=True))),
                ('normalize', TransformerWrapper(transformer=StandardScaler())),
                ('clean_column_names',
                 TransformerWrapper(transformer=CleanColumnNames())),
                ('trained_model',
                 RandomForestClassifier(n_jobs=-1, random_state=123))]), probability_threshold=None, encoded_labels=False, raw_score=False, round=4, verbose=True, ml_usecase=None, preprocess=True, encode_labels=<function _SupervisedExperiment.predict_model.<locals>.encode_labels at 0x000001B8D06DDEA0>)
2025-08-13 23:43:57,154:INFO:Checking exceptions
2025-08-13 23:43:57,154:INFO:Preloading libraries
2025-08-13 23:43:57,206:INFO:Set up data.
2025-08-13 23:43:57,258:INFO:Set up index.
2025-08-13 23:52:55,622:WARNING:
'cuml' is a soft dependency and not included in the pycaret installation. Please run: `pip install cuml` to install.
2025-08-13 23:52:55,622:WARNING:
'cuml' is a soft dependency and not included in the pycaret installation. Please run: `pip install cuml` to install.
2025-08-13 23:52:55,622:WARNING:
'cuml' is a soft dependency and not included in the pycaret installation. Please run: `pip install cuml` to install.
2025-08-13 23:52:55,622:WARNING:
'cuml' is a soft dependency and not included in the pycaret installation. Please run: `pip install cuml` to install.
2025-08-13 23:53:15,057:INFO:PyCaret ClassificationExperiment
2025-08-13 23:53:15,057:INFO:Logging name: clf-default-name
2025-08-13 23:53:15,057:INFO:ML Usecase: MLUsecase.CLASSIFICATION
2025-08-13 23:53:15,057:INFO:version 3.3.2
2025-08-13 23:53:15,057:INFO:Initializing setup()
2025-08-13 23:53:15,057:INFO:self.USI: 7d27
2025-08-13 23:53:15,057:INFO:self._variable_keys: {'memory', 'logging_param', 'y_train', 'fold_shuffle_param', 'seed', 'fold_groups_param', 'y_test', '_ml_usecase', 'html_param', 'USI', 'fix_imbalance', 'X', 'idx', 'n_jobs_param', '_available_plots', 'gpu_param', 'log_plots_param', 'X_train', 'target_param', 'is_multiclass', 'exp_name_log', 'data', 'gpu_n_jobs_param', 'X_test', 'fold_generator', 'y', 'pipeline', 'exp_id'}
2025-08-13 23:53:15,057:INFO:Checking environment
2025-08-13 23:53:15,057:INFO:python_version: 3.10.1
2025-08-13 23:53:15,057:INFO:python_build: ('tags/v3.10.1:2cd268a', 'Dec  6 2021 19:10:37')
2025-08-13 23:53:15,057:INFO:machine: AMD64
2025-08-13 23:53:15,057:INFO:platform: Windows-10-10.0.26100-SP0
2025-08-13 23:53:15,081:INFO:Memory: svmem(total=8311836672, available=535441408, percent=93.6, used=7776395264, free=535441408)
2025-08-13 23:53:15,081:INFO:Physical Core: 4
2025-08-13 23:53:15,089:INFO:Logical Core: 8
2025-08-13 23:53:15,089:INFO:Checking libraries
2025-08-13 23:53:15,089:INFO:System:
2025-08-13 23:53:15,089:INFO:    python: 3.10.1 (tags/v3.10.1:2cd268a, Dec  6 2021, 19:10:37) [MSC v.1929 64 bit (AMD64)]
2025-08-13 23:53:15,089:INFO:executable: D:\Python\python.exe
2025-08-13 23:53:15,089:INFO:   machine: Windows-10-10.0.26100-SP0
2025-08-13 23:53:15,089:INFO:PyCaret required dependencies:
2025-08-13 23:53:18,862:INFO:                 pip: 23.0.1
2025-08-13 23:53:18,862:INFO:          setuptools: 80.9.0
2025-08-13 23:53:18,862:INFO:             pycaret: 3.3.2
2025-08-13 23:53:18,862:INFO:             IPython: 8.24.0
2025-08-13 23:53:18,862:INFO:          ipywidgets: 8.1.2
2025-08-13 23:53:18,862:INFO:                tqdm: 4.66.4
2025-08-13 23:53:18,862:INFO:               numpy: 1.26.4
2025-08-13 23:53:18,862:INFO:              pandas: 2.1.4
2025-08-13 23:53:18,862:INFO:              jinja2: 3.1.4
2025-08-13 23:53:18,862:INFO:               scipy: 1.11.4
2025-08-13 23:53:18,862:INFO:              joblib: 1.3.2
2025-08-13 23:53:18,862:INFO:             sklearn: 1.4.2
2025-08-13 23:53:18,862:INFO:                pyod: 2.0.5
2025-08-13 23:53:18,862:INFO:            imblearn: 0.13.0
2025-08-13 23:53:18,862:INFO:   category_encoders: 2.7.0
2025-08-13 23:53:18,862:INFO:            lightgbm: 4.6.0
2025-08-13 23:53:18,862:INFO:               numba: 0.61.0
2025-08-13 23:53:18,862:INFO:            requests: 2.32.4
2025-08-13 23:53:18,862:INFO:          matplotlib: 3.7.1
2025-08-13 23:53:18,862:INFO:          scikitplot: 0.3.7
2025-08-13 23:53:18,862:INFO:         yellowbrick: 1.5
2025-08-13 23:53:18,862:INFO:              plotly: 5.24.1
2025-08-13 23:53:18,862:INFO:    plotly-resampler: Not installed
2025-08-13 23:53:18,862:INFO:             kaleido: 1.0.0
2025-08-13 23:53:18,862:INFO:           schemdraw: 0.15
2025-08-13 23:53:18,862:INFO:         statsmodels: 0.14.5
2025-08-13 23:53:18,862:INFO:              sktime: 0.26.0
2025-08-13 23:53:18,862:INFO:               tbats: 1.1.3
2025-08-13 23:53:18,862:INFO:            pmdarima: 2.0.4
2025-08-13 23:53:18,862:INFO:              psutil: 5.9.8
2025-08-13 23:53:18,862:INFO:          markupsafe: 2.1.5
2025-08-13 23:53:18,862:INFO:             pickle5: Not installed
2025-08-13 23:53:18,862:INFO:         cloudpickle: 3.1.1
2025-08-13 23:53:18,862:INFO:         deprecation: 2.1.0
2025-08-13 23:53:18,862:INFO:              xxhash: 3.5.0
2025-08-13 23:53:18,862:INFO:           wurlitzer: Not installed
2025-08-13 23:53:18,862:INFO:PyCaret optional dependencies:
2025-08-13 23:53:33,496:INFO:                shap: 0.44.1
2025-08-13 23:53:33,496:INFO:           interpret: 0.7.2
2025-08-13 23:53:33,496:INFO:                umap: 0.5.7
2025-08-13 23:53:33,496:INFO:     ydata_profiling: 4.16.1
2025-08-13 23:53:33,496:INFO:  explainerdashboard: 0.5.1
2025-08-13 23:53:33,496:INFO:             autoviz: Not installed
2025-08-13 23:53:33,496:INFO:           fairlearn: 0.7.0
2025-08-13 23:53:33,496:INFO:          deepchecks: Not installed
2025-08-13 23:53:33,496:INFO:             xgboost: 3.0.4
2025-08-13 23:53:33,496:INFO:            catboost: 1.2.8
2025-08-13 23:53:33,496:INFO:              kmodes: 0.12.2
2025-08-13 23:53:33,496:INFO:             mlxtend: 0.23.4
2025-08-13 23:53:33,496:INFO:       statsforecast: 1.5.0
2025-08-13 23:53:33,496:INFO:        tune_sklearn: Not installed
2025-08-13 23:53:33,496:INFO:                 ray: Not installed
2025-08-13 23:53:33,496:INFO:            hyperopt: 0.2.7
2025-08-13 23:53:33,496:INFO:              optuna: 4.4.0
2025-08-13 23:53:33,496:INFO:               skopt: 0.10.2
2025-08-13 23:53:33,496:INFO:              mlflow: 3.2.0
2025-08-13 23:53:33,496:INFO:              gradio: 5.42.0
2025-08-13 23:53:33,496:INFO:             fastapi: 0.116.1
2025-08-13 23:53:33,496:INFO:             uvicorn: 0.35.0
2025-08-13 23:53:33,496:INFO:              m2cgen: 0.10.0
2025-08-13 23:53:33,496:INFO:           evidently: 0.4.40
2025-08-13 23:53:33,496:INFO:               fugue: 0.8.7
2025-08-13 23:53:33,496:INFO:           streamlit: 1.35.0
2025-08-13 23:53:33,496:INFO:             prophet: Not installed
2025-08-13 23:53:33,496:INFO:None
2025-08-13 23:53:33,496:INFO:Set up data.
2025-08-13 23:53:33,611:INFO:Set up folding strategy.
2025-08-13 23:53:33,611:INFO:Set up train/test split.
2025-08-13 23:53:33,799:INFO:Set up index.
2025-08-13 23:53:33,816:INFO:Assigning column types.
2025-08-13 23:53:33,840:INFO:Engine successfully changes for model 'lr' to 'sklearn'.
2025-08-13 23:53:33,865:INFO:Engine for model 'knn' has not been set explicitly, hence returning None.
2025-08-13 23:53:33,912:INFO:Engine for model 'rbfsvm' has not been set explicitly, hence returning None.
2025-08-13 23:53:33,992:INFO:Soft dependency imported: xgboost: 3.0.4
2025-08-13 23:53:34,009:INFO:Soft dependency imported: catboost: 1.2.8
2025-08-13 23:53:35,233:INFO:Engine for model 'knn' has not been set explicitly, hence returning None.
2025-08-13 23:53:35,233:INFO:Engine for model 'rbfsvm' has not been set explicitly, hence returning None.
2025-08-13 23:53:35,265:INFO:Soft dependency imported: xgboost: 3.0.4
2025-08-13 23:53:35,265:INFO:Soft dependency imported: catboost: 1.2.8
2025-08-13 23:53:35,265:INFO:Engine successfully changes for model 'knn' to 'sklearn'.
2025-08-13 23:53:35,297:INFO:Engine for model 'rbfsvm' has not been set explicitly, hence returning None.
2025-08-13 23:53:35,316:INFO:Soft dependency imported: xgboost: 3.0.4
2025-08-13 23:53:35,316:INFO:Soft dependency imported: catboost: 1.2.8
2025-08-13 23:53:35,359:INFO:Engine for model 'rbfsvm' has not been set explicitly, hence returning None.
2025-08-13 23:53:35,365:INFO:Soft dependency imported: xgboost: 3.0.4
2025-08-13 23:53:35,381:INFO:Soft dependency imported: catboost: 1.2.8
2025-08-13 23:53:35,381:INFO:Engine successfully changes for model 'rbfsvm' to 'sklearn'.
2025-08-13 23:53:35,437:INFO:Soft dependency imported: xgboost: 3.0.4
2025-08-13 23:53:35,439:INFO:Soft dependency imported: catboost: 1.2.8
2025-08-13 23:53:35,481:INFO:Soft dependency imported: xgboost: 3.0.4
2025-08-13 23:53:35,481:INFO:Soft dependency imported: catboost: 1.2.8
2025-08-13 23:53:35,529:INFO:Preparing preprocessing pipeline...
2025-08-13 23:53:35,541:INFO:Set up simple imputation.
2025-08-13 23:53:35,541:INFO:Set up feature normalization.
2025-08-13 23:53:35,609:INFO:Finished creating preprocessing pipeline.
2025-08-13 23:53:35,609:INFO:Pipeline: Pipeline(memory=FastMemory(location=C:\Users\shikh\AppData\Local\Temp\joblib),
         steps=[('numerical_imputer',
                 TransformerWrapper(exclude=None,
                                    include=['Credit_Score', 'Annual_Income',
                                             'Loan_Amount_Requested'],
                                    transformer=SimpleImputer(add_indicator=False,
                                                              copy=True,
                                                              fill_value=None,
                                                              keep_empty_features=False,
                                                              missing_values=nan,
                                                              strategy='mean'))),
                ('categorical_imputer',
                 TransformerWrapper(exclude=None, include=[],
                                    transformer=SimpleImputer(add_indicator=False,
                                                              copy=True,
                                                              fill_value=None,
                                                              keep_empty_features=False,
                                                              missing_values=nan,
                                                              strategy='most_frequent'))),
                ('normalize',
                 TransformerWrapper(exclude=None, include=None,
                                    transformer=StandardScaler(copy=True,
                                                               with_mean=True,
                                                               with_std=True)))],
         verbose=False)
2025-08-13 23:53:35,609:INFO:Creating final display dataframe.
2025-08-13 23:53:35,767:INFO:Setup _display_container:                     Description                 Value
0                    Session id                   123
1                        Target  Loan_Approval_Status
2                   Target type                Binary
3           Original data shape            (52000, 4)
4        Transformed data shape            (52000, 4)
5   Transformed train set shape            (36400, 4)
6    Transformed test set shape            (15600, 4)
7              Numeric features                     3
8                    Preprocess                  True
9               Imputation type                simple
10           Numeric imputation                  mean
11       Categorical imputation                  mode
12                    Normalize                  True
13             Normalize method                zscore
14               Fold Generator       StratifiedKFold
15                  Fold Number                    10
16                     CPU Jobs                    -1
17                      Use GPU                 False
18               Log Experiment                 False
19              Experiment Name      clf-default-name
20                          USI                  7d27
2025-08-13 23:53:35,830:INFO:Soft dependency imported: xgboost: 3.0.4
2025-08-13 23:53:35,830:INFO:Soft dependency imported: catboost: 1.2.8
2025-08-13 23:53:35,881:INFO:Soft dependency imported: xgboost: 3.0.4
2025-08-13 23:53:35,897:INFO:Soft dependency imported: catboost: 1.2.8
2025-08-13 23:53:35,897:INFO:setup() successfully completed in 20.95s...............
2025-08-13 23:53:35,897:INFO:Initializing compare_models()
2025-08-13 23:53:35,897:INFO:compare_models(self=<pycaret.classification.oop.ClassificationExperiment object at 0x000001BC8B083E80>, include=None, fold=None, round=4, cross_validation=True, sort=Accuracy, n_select=1, budget_time=None, turbo=True, errors=ignore, fit_kwargs=None, groups=None, experiment_custom_tags=None, probability_threshold=None, verbose=True, parallel=None, caller_params={'self': <pycaret.classification.oop.ClassificationExperiment object at 0x000001BC8B083E80>, 'include': None, 'exclude': None, 'fold': None, 'round': 4, 'cross_validation': True, 'sort': 'Accuracy', 'n_select': 1, 'budget_time': None, 'turbo': True, 'errors': 'ignore', 'fit_kwargs': None, 'groups': None, 'experiment_custom_tags': None, 'probability_threshold': None, 'engine': None, 'verbose': True, 'parallel': None, '__class__': <class 'pycaret.classification.oop.ClassificationExperiment'>}, exclude=None)
2025-08-13 23:53:35,897:INFO:Checking exceptions
2025-08-13 23:53:35,897:INFO:Preparing display monitor
2025-08-13 23:53:35,943:INFO:Initializing Logistic Regression
2025-08-13 23:53:35,944:INFO:Total runtime is 0.0 minutes
2025-08-13 23:53:35,944:INFO:SubProcess create_model() called ==================================
2025-08-13 23:53:35,944:INFO:Initializing create_model()
2025-08-13 23:53:35,944:INFO:create_model(self=<pycaret.classification.oop.ClassificationExperiment object at 0x000001BC8B083E80>, estimator=lr, fold=StratifiedKFold(n_splits=10, random_state=None, shuffle=False), round=4, cross_validation=True, predict=True, fit_kwargs={}, groups=None, refit=False, probability_threshold=None, experiment_custom_tags=None, verbose=False, system=False, add_to_model_list=True, metrics=None, display=<pycaret.internal.display.display.CommonDisplay object at 0x000001BC95BD55A0>, model_only=True, return_train_score=False, error_score=0.0, kwargs={})
2025-08-13 23:53:35,944:INFO:Checking exceptions
2025-08-13 23:53:35,944:INFO:Importing libraries
2025-08-13 23:53:35,944:INFO:Copying training dataset
2025-08-13 23:53:35,955:INFO:Defining folds
2025-08-13 23:53:35,955:INFO:Declaring metric variables
2025-08-13 23:53:35,955:INFO:Importing untrained model
2025-08-13 23:53:35,955:INFO:Logistic Regression Imported successfully
2025-08-13 23:53:35,955:INFO:Starting cross validation
2025-08-13 23:53:35,957:INFO:Cross validating with StratifiedKFold(n_splits=10, random_state=None, shuffle=False), n_jobs=-1
2025-08-13 23:53:57,069:INFO:Calculating mean and std
2025-08-13 23:53:57,274:INFO:Creating metrics dataframe
2025-08-13 23:53:57,330:INFO:Uploading results into container
2025-08-13 23:53:57,330:INFO:Uploading model into container now
2025-08-13 23:53:57,330:INFO:_master_model_container: 1
2025-08-13 23:53:57,330:INFO:_display_container: 2
2025-08-13 23:53:57,330:INFO:LogisticRegression(C=1.0, class_weight=None, dual=False, fit_intercept=True,
                   intercept_scaling=1, l1_ratio=None, max_iter=1000,
                   multi_class='auto', n_jobs=None, penalty='l2',
                   random_state=123, solver='lbfgs', tol=0.0001, verbose=0,
                   warm_start=False)
2025-08-13 23:53:57,330:INFO:create_model() successfully completed......................................
2025-08-13 23:53:57,477:INFO:SubProcess create_model() end ==================================
2025-08-13 23:53:57,477:INFO:Creating metrics dataframe
2025-08-13 23:53:57,477:INFO:Initializing K Neighbors Classifier
2025-08-13 23:53:57,477:INFO:Total runtime is 0.3589091738065084 minutes
2025-08-13 23:53:57,477:INFO:SubProcess create_model() called ==================================
2025-08-13 23:53:57,477:INFO:Initializing create_model()
2025-08-13 23:53:57,477:INFO:create_model(self=<pycaret.classification.oop.ClassificationExperiment object at 0x000001BC8B083E80>, estimator=knn, fold=StratifiedKFold(n_splits=10, random_state=None, shuffle=False), round=4, cross_validation=True, predict=True, fit_kwargs={}, groups=None, refit=False, probability_threshold=None, experiment_custom_tags=None, verbose=False, system=False, add_to_model_list=True, metrics=None, display=<pycaret.internal.display.display.CommonDisplay object at 0x000001BC95BD55A0>, model_only=True, return_train_score=False, error_score=0.0, kwargs={})
2025-08-13 23:53:57,477:INFO:Checking exceptions
2025-08-13 23:53:57,477:INFO:Importing libraries
2025-08-13 23:53:57,477:INFO:Copying training dataset
2025-08-13 23:53:57,493:INFO:Defining folds
2025-08-13 23:53:57,493:INFO:Declaring metric variables
2025-08-13 23:53:57,493:INFO:Importing untrained model
2025-08-13 23:53:57,493:INFO:K Neighbors Classifier Imported successfully
2025-08-13 23:53:57,493:INFO:Starting cross validation
2025-08-13 23:53:57,493:INFO:Cross validating with StratifiedKFold(n_splits=10, random_state=None, shuffle=False), n_jobs=-1
2025-08-13 23:53:58,193:INFO:Calculating mean and std
2025-08-13 23:53:58,193:INFO:Creating metrics dataframe
2025-08-13 23:53:58,193:INFO:Uploading results into container
2025-08-13 23:53:58,193:INFO:Uploading model into container now
2025-08-13 23:53:58,193:INFO:_master_model_container: 2
2025-08-13 23:53:58,193:INFO:_display_container: 2
2025-08-13 23:53:58,193:INFO:KNeighborsClassifier(algorithm='auto', leaf_size=30, metric='minkowski',
                     metric_params=None, n_jobs=-1, n_neighbors=5, p=2,
                     weights='uniform')
2025-08-13 23:53:58,193:INFO:create_model() successfully completed......................................
2025-08-13 23:53:58,327:INFO:SubProcess create_model() end ==================================
2025-08-13 23:53:58,327:INFO:Creating metrics dataframe
2025-08-13 23:53:58,327:INFO:Initializing Naive Bayes
2025-08-13 23:53:58,327:INFO:Total runtime is 0.37307784557342527 minutes
2025-08-13 23:53:58,327:INFO:SubProcess create_model() called ==================================
2025-08-13 23:53:58,327:INFO:Initializing create_model()
2025-08-13 23:53:58,327:INFO:create_model(self=<pycaret.classification.oop.ClassificationExperiment object at 0x000001BC8B083E80>, estimator=nb, fold=StratifiedKFold(n_splits=10, random_state=None, shuffle=False), round=4, cross_validation=True, predict=True, fit_kwargs={}, groups=None, refit=False, probability_threshold=None, experiment_custom_tags=None, verbose=False, system=False, add_to_model_list=True, metrics=None, display=<pycaret.internal.display.display.CommonDisplay object at 0x000001BC95BD55A0>, model_only=True, return_train_score=False, error_score=0.0, kwargs={})
2025-08-13 23:53:58,327:INFO:Checking exceptions
2025-08-13 23:53:58,327:INFO:Importing libraries
2025-08-13 23:53:58,327:INFO:Copying training dataset
2025-08-13 23:53:58,346:INFO:Defining folds
2025-08-13 23:53:58,346:INFO:Declaring metric variables
2025-08-13 23:53:58,346:INFO:Importing untrained model
2025-08-13 23:53:58,347:INFO:Naive Bayes Imported successfully
2025-08-13 23:53:58,347:INFO:Starting cross validation
2025-08-13 23:53:58,347:INFO:Cross validating with StratifiedKFold(n_splits=10, random_state=None, shuffle=False), n_jobs=-1
2025-08-13 23:53:58,537:INFO:Calculating mean and std
2025-08-13 23:53:58,537:INFO:Creating metrics dataframe
2025-08-13 23:53:58,537:INFO:Uploading results into container
2025-08-13 23:53:58,537:INFO:Uploading model into container now
2025-08-13 23:53:58,537:INFO:_master_model_container: 3
2025-08-13 23:53:58,537:INFO:_display_container: 2
2025-08-13 23:53:58,537:INFO:GaussianNB(priors=None, var_smoothing=1e-09)
2025-08-13 23:53:58,537:INFO:create_model() successfully completed......................................
2025-08-13 23:53:58,675:INFO:SubProcess create_model() end ==================================
2025-08-13 23:53:58,675:INFO:Creating metrics dataframe
2025-08-13 23:53:58,675:INFO:Initializing Decision Tree Classifier
2025-08-13 23:53:58,675:INFO:Total runtime is 0.37887013753255205 minutes
2025-08-13 23:53:58,675:INFO:SubProcess create_model() called ==================================
2025-08-13 23:53:58,675:INFO:Initializing create_model()
2025-08-13 23:53:58,675:INFO:create_model(self=<pycaret.classification.oop.ClassificationExperiment object at 0x000001BC8B083E80>, estimator=dt, fold=StratifiedKFold(n_splits=10, random_state=None, shuffle=False), round=4, cross_validation=True, predict=True, fit_kwargs={}, groups=None, refit=False, probability_threshold=None, experiment_custom_tags=None, verbose=False, system=False, add_to_model_list=True, metrics=None, display=<pycaret.internal.display.display.CommonDisplay object at 0x000001BC95BD55A0>, model_only=True, return_train_score=False, error_score=0.0, kwargs={})
2025-08-13 23:53:58,675:INFO:Checking exceptions
2025-08-13 23:53:58,675:INFO:Importing libraries
2025-08-13 23:53:58,675:INFO:Copying training dataset
2025-08-13 23:53:58,691:INFO:Defining folds
2025-08-13 23:53:58,691:INFO:Declaring metric variables
2025-08-13 23:53:58,691:INFO:Importing untrained model
2025-08-13 23:53:58,691:INFO:Decision Tree Classifier Imported successfully
2025-08-13 23:53:58,691:INFO:Starting cross validation
2025-08-13 23:53:58,691:INFO:Cross validating with StratifiedKFold(n_splits=10, random_state=None, shuffle=False), n_jobs=-1
2025-08-13 23:53:59,489:INFO:Calculating mean and std
2025-08-13 23:53:59,489:INFO:Creating metrics dataframe
2025-08-13 23:53:59,489:INFO:Uploading results into container
2025-08-13 23:53:59,489:INFO:Uploading model into container now
2025-08-13 23:53:59,489:INFO:_master_model_container: 4
2025-08-13 23:53:59,489:INFO:_display_container: 2
2025-08-13 23:53:59,489:INFO:DecisionTreeClassifier(ccp_alpha=0.0, class_weight=None, criterion='gini',
                       max_depth=None, max_features=None, max_leaf_nodes=None,
                       min_impurity_decrease=0.0, min_samples_leaf=1,
                       min_samples_split=2, min_weight_fraction_leaf=0.0,
                       monotonic_cst=None, random_state=123, splitter='best')
2025-08-13 23:53:59,489:INFO:create_model() successfully completed......................................
2025-08-13 23:53:59,626:INFO:SubProcess create_model() end ==================================
2025-08-13 23:53:59,626:INFO:Creating metrics dataframe
2025-08-13 23:53:59,626:INFO:Initializing SVM - Linear Kernel
2025-08-13 23:53:59,626:INFO:Total runtime is 0.39471683502197263 minutes
2025-08-13 23:53:59,626:INFO:SubProcess create_model() called ==================================
2025-08-13 23:53:59,626:INFO:Initializing create_model()
2025-08-13 23:53:59,626:INFO:create_model(self=<pycaret.classification.oop.ClassificationExperiment object at 0x000001BC8B083E80>, estimator=svm, fold=StratifiedKFold(n_splits=10, random_state=None, shuffle=False), round=4, cross_validation=True, predict=True, fit_kwargs={}, groups=None, refit=False, probability_threshold=None, experiment_custom_tags=None, verbose=False, system=False, add_to_model_list=True, metrics=None, display=<pycaret.internal.display.display.CommonDisplay object at 0x000001BC95BD55A0>, model_only=True, return_train_score=False, error_score=0.0, kwargs={})
2025-08-13 23:53:59,626:INFO:Checking exceptions
2025-08-13 23:53:59,626:INFO:Importing libraries
2025-08-13 23:53:59,626:INFO:Copying training dataset
2025-08-13 23:53:59,642:INFO:Defining folds
2025-08-13 23:53:59,642:INFO:Declaring metric variables
2025-08-13 23:53:59,642:INFO:Importing untrained model
2025-08-13 23:53:59,642:INFO:SVM - Linear Kernel Imported successfully
2025-08-13 23:53:59,642:INFO:Starting cross validation
2025-08-13 23:53:59,642:INFO:Cross validating with StratifiedKFold(n_splits=10, random_state=None, shuffle=False), n_jobs=-1
2025-08-13 23:54:00,082:INFO:Calculating mean and std
2025-08-13 23:54:00,082:INFO:Creating metrics dataframe
2025-08-13 23:54:00,082:INFO:Uploading results into container
2025-08-13 23:54:00,082:INFO:Uploading model into container now
2025-08-13 23:54:00,082:INFO:_master_model_container: 5
2025-08-13 23:54:00,082:INFO:_display_container: 2
2025-08-13 23:54:00,082:INFO:SGDClassifier(alpha=0.0001, average=False, class_weight=None,
              early_stopping=False, epsilon=0.1, eta0=0.001, fit_intercept=True,
              l1_ratio=0.15, learning_rate='optimal', loss='hinge',
              max_iter=1000, n_iter_no_change=5, n_jobs=-1, penalty='l2',
              power_t=0.5, random_state=123, shuffle=True, tol=0.001,
              validation_fraction=0.1, verbose=0, warm_start=False)
2025-08-13 23:54:00,082:INFO:create_model() successfully completed......................................
2025-08-13 23:54:00,211:INFO:SubProcess create_model() end ==================================
2025-08-13 23:54:00,211:INFO:Creating metrics dataframe
2025-08-13 23:54:00,211:INFO:Initializing Ridge Classifier
2025-08-13 23:54:00,211:INFO:Total runtime is 0.40447772741317745 minutes
2025-08-13 23:54:00,211:INFO:SubProcess create_model() called ==================================
2025-08-13 23:54:00,211:INFO:Initializing create_model()
2025-08-13 23:54:00,211:INFO:create_model(self=<pycaret.classification.oop.ClassificationExperiment object at 0x000001BC8B083E80>, estimator=ridge, fold=StratifiedKFold(n_splits=10, random_state=None, shuffle=False), round=4, cross_validation=True, predict=True, fit_kwargs={}, groups=None, refit=False, probability_threshold=None, experiment_custom_tags=None, verbose=False, system=False, add_to_model_list=True, metrics=None, display=<pycaret.internal.display.display.CommonDisplay object at 0x000001BC95BD55A0>, model_only=True, return_train_score=False, error_score=0.0, kwargs={})
2025-08-13 23:54:00,211:INFO:Checking exceptions
2025-08-13 23:54:00,211:INFO:Importing libraries
2025-08-13 23:54:00,211:INFO:Copying training dataset
2025-08-13 23:54:00,224:INFO:Defining folds
2025-08-13 23:54:00,224:INFO:Declaring metric variables
2025-08-13 23:54:00,224:INFO:Importing untrained model
2025-08-13 23:54:00,224:INFO:Ridge Classifier Imported successfully
2025-08-13 23:54:00,224:INFO:Starting cross validation
2025-08-13 23:54:00,224:INFO:Cross validating with StratifiedKFold(n_splits=10, random_state=None, shuffle=False), n_jobs=-1
2025-08-13 23:54:00,661:INFO:Calculating mean and std
2025-08-13 23:54:00,661:INFO:Creating metrics dataframe
2025-08-13 23:54:00,661:INFO:Uploading results into container
2025-08-13 23:54:00,661:INFO:Uploading model into container now
2025-08-13 23:54:00,661:INFO:_master_model_container: 6
2025-08-13 23:54:00,661:INFO:_display_container: 2
2025-08-13 23:54:00,661:INFO:RidgeClassifier(alpha=1.0, class_weight=None, copy_X=True, fit_intercept=True,
                max_iter=None, positive=False, random_state=123, solver='auto',
                tol=0.0001)
2025-08-13 23:54:00,661:INFO:create_model() successfully completed......................................
2025-08-13 23:54:00,806:INFO:SubProcess create_model() end ==================================
2025-08-13 23:54:00,806:INFO:Creating metrics dataframe
2025-08-13 23:54:00,810:INFO:Initializing Random Forest Classifier
2025-08-13 23:54:00,810:INFO:Total runtime is 0.41445487737655634 minutes
2025-08-13 23:54:00,810:INFO:SubProcess create_model() called ==================================
2025-08-13 23:54:00,810:INFO:Initializing create_model()
2025-08-13 23:54:00,812:INFO:create_model(self=<pycaret.classification.oop.ClassificationExperiment object at 0x000001BC8B083E80>, estimator=rf, fold=StratifiedKFold(n_splits=10, random_state=None, shuffle=False), round=4, cross_validation=True, predict=True, fit_kwargs={}, groups=None, refit=False, probability_threshold=None, experiment_custom_tags=None, verbose=False, system=False, add_to_model_list=True, metrics=None, display=<pycaret.internal.display.display.CommonDisplay object at 0x000001BC95BD55A0>, model_only=True, return_train_score=False, error_score=0.0, kwargs={})
2025-08-13 23:54:00,812:INFO:Checking exceptions
2025-08-13 23:54:00,812:INFO:Importing libraries
2025-08-13 23:54:00,812:INFO:Copying training dataset
2025-08-13 23:54:00,816:INFO:Defining folds
2025-08-13 23:54:00,816:INFO:Declaring metric variables
2025-08-13 23:54:00,816:INFO:Importing untrained model
2025-08-13 23:54:00,816:INFO:Random Forest Classifier Imported successfully
2025-08-13 23:54:00,816:INFO:Starting cross validation
2025-08-13 23:54:00,822:INFO:Cross validating with StratifiedKFold(n_splits=10, random_state=None, shuffle=False), n_jobs=-1
2025-08-13 23:54:12,430:INFO:Calculating mean and std
2025-08-13 23:54:12,430:INFO:Creating metrics dataframe
2025-08-13 23:54:12,432:INFO:Uploading results into container
2025-08-13 23:54:12,432:INFO:Uploading model into container now
2025-08-13 23:54:12,432:INFO:_master_model_container: 7
2025-08-13 23:54:12,434:INFO:_display_container: 2
2025-08-13 23:54:12,434:INFO:RandomForestClassifier(bootstrap=True, ccp_alpha=0.0, class_weight=None,
                       criterion='gini', max_depth=None, max_features='sqrt',
                       max_leaf_nodes=None, max_samples=None,
                       min_impurity_decrease=0.0, min_samples_leaf=1,
                       min_samples_split=2, min_weight_fraction_leaf=0.0,
                       monotonic_cst=None, n_estimators=100, n_jobs=-1,
                       oob_score=False, random_state=123, verbose=0,
                       warm_start=False)
2025-08-13 23:54:12,434:INFO:create_model() successfully completed......................................
2025-08-13 23:54:12,611:INFO:SubProcess create_model() end ==================================
2025-08-13 23:54:12,611:INFO:Creating metrics dataframe
2025-08-13 23:54:12,611:INFO:Initializing Quadratic Discriminant Analysis
2025-08-13 23:54:12,611:INFO:Total runtime is 0.6111413836479187 minutes
2025-08-13 23:54:12,611:INFO:SubProcess create_model() called ==================================
2025-08-13 23:54:12,611:INFO:Initializing create_model()
2025-08-13 23:54:12,611:INFO:create_model(self=<pycaret.classification.oop.ClassificationExperiment object at 0x000001BC8B083E80>, estimator=qda, fold=StratifiedKFold(n_splits=10, random_state=None, shuffle=False), round=4, cross_validation=True, predict=True, fit_kwargs={}, groups=None, refit=False, probability_threshold=None, experiment_custom_tags=None, verbose=False, system=False, add_to_model_list=True, metrics=None, display=<pycaret.internal.display.display.CommonDisplay object at 0x000001BC95BD55A0>, model_only=True, return_train_score=False, error_score=0.0, kwargs={})
2025-08-13 23:54:12,611:INFO:Checking exceptions
2025-08-13 23:54:12,611:INFO:Importing libraries
2025-08-13 23:54:12,611:INFO:Copying training dataset
2025-08-13 23:54:12,621:INFO:Defining folds
2025-08-13 23:54:12,621:INFO:Declaring metric variables
2025-08-13 23:54:12,621:INFO:Importing untrained model
2025-08-13 23:54:12,621:INFO:Quadratic Discriminant Analysis Imported successfully
2025-08-13 23:54:12,621:INFO:Starting cross validation
2025-08-13 23:54:12,627:INFO:Cross validating with StratifiedKFold(n_splits=10, random_state=None, shuffle=False), n_jobs=-1
2025-08-13 23:54:12,929:INFO:Calculating mean and std
2025-08-13 23:54:12,930:INFO:Creating metrics dataframe
2025-08-13 23:54:12,931:INFO:Uploading results into container
2025-08-13 23:54:12,932:INFO:Uploading model into container now
2025-08-13 23:54:12,932:INFO:_master_model_container: 8
2025-08-13 23:54:12,932:INFO:_display_container: 2
2025-08-13 23:54:12,932:INFO:QuadraticDiscriminantAnalysis(priors=None, reg_param=0.0,
                              store_covariance=False, tol=0.0001)
2025-08-13 23:54:12,932:INFO:create_model() successfully completed......................................
2025-08-13 23:54:13,081:INFO:SubProcess create_model() end ==================================
2025-08-13 23:54:13,081:INFO:Creating metrics dataframe
2025-08-13 23:54:13,081:INFO:Initializing Ada Boost Classifier
2025-08-13 23:54:13,081:INFO:Total runtime is 0.6189645886421203 minutes
2025-08-13 23:54:13,081:INFO:SubProcess create_model() called ==================================
2025-08-13 23:54:13,081:INFO:Initializing create_model()
2025-08-13 23:54:13,081:INFO:create_model(self=<pycaret.classification.oop.ClassificationExperiment object at 0x000001BC8B083E80>, estimator=ada, fold=StratifiedKFold(n_splits=10, random_state=None, shuffle=False), round=4, cross_validation=True, predict=True, fit_kwargs={}, groups=None, refit=False, probability_threshold=None, experiment_custom_tags=None, verbose=False, system=False, add_to_model_list=True, metrics=None, display=<pycaret.internal.display.display.CommonDisplay object at 0x000001BC95BD55A0>, model_only=True, return_train_score=False, error_score=0.0, kwargs={})
2025-08-13 23:54:13,081:INFO:Checking exceptions
2025-08-13 23:54:13,081:INFO:Importing libraries
2025-08-13 23:54:13,081:INFO:Copying training dataset
2025-08-13 23:54:13,096:INFO:Defining folds
2025-08-13 23:54:13,096:INFO:Declaring metric variables
2025-08-13 23:54:13,096:INFO:Importing untrained model
2025-08-13 23:54:13,096:INFO:Ada Boost Classifier Imported successfully
2025-08-13 23:54:13,096:INFO:Starting cross validation
2025-08-13 23:54:13,096:INFO:Cross validating with StratifiedKFold(n_splits=10, random_state=None, shuffle=False), n_jobs=-1
2025-08-13 23:54:13,186:WARNING:D:\Python\lib\site-packages\sklearn\ensemble\_weight_boosting.py:519: FutureWarning: The SAMME.R algorithm (the default) is deprecated and will be removed in 1.6. Use the SAMME algorithm to circumvent this warning.
  warnings.warn(

2025-08-13 23:54:13,186:WARNING:D:\Python\lib\site-packages\sklearn\ensemble\_weight_boosting.py:519: FutureWarning: The SAMME.R algorithm (the default) is deprecated and will be removed in 1.6. Use the SAMME algorithm to circumvent this warning.
  warnings.warn(

2025-08-13 23:54:13,189:WARNING:D:\Python\lib\site-packages\sklearn\ensemble\_weight_boosting.py:519: FutureWarning: The SAMME.R algorithm (the default) is deprecated and will be removed in 1.6. Use the SAMME algorithm to circumvent this warning.
  warnings.warn(

2025-08-13 23:54:13,194:WARNING:D:\Python\lib\site-packages\sklearn\ensemble\_weight_boosting.py:519: FutureWarning: The SAMME.R algorithm (the default) is deprecated and will be removed in 1.6. Use the SAMME algorithm to circumvent this warning.
  warnings.warn(

2025-08-13 23:54:13,204:WARNING:D:\Python\lib\site-packages\sklearn\ensemble\_weight_boosting.py:519: FutureWarning: The SAMME.R algorithm (the default) is deprecated and will be removed in 1.6. Use the SAMME algorithm to circumvent this warning.
  warnings.warn(

2025-08-13 23:54:13,210:WARNING:D:\Python\lib\site-packages\sklearn\ensemble\_weight_boosting.py:519: FutureWarning: The SAMME.R algorithm (the default) is deprecated and will be removed in 1.6. Use the SAMME algorithm to circumvent this warning.
  warnings.warn(

2025-08-13 23:54:13,214:WARNING:D:\Python\lib\site-packages\sklearn\ensemble\_weight_boosting.py:519: FutureWarning: The SAMME.R algorithm (the default) is deprecated and will be removed in 1.6. Use the SAMME algorithm to circumvent this warning.
  warnings.warn(

2025-08-13 23:54:13,220:WARNING:D:\Python\lib\site-packages\sklearn\ensemble\_weight_boosting.py:519: FutureWarning: The SAMME.R algorithm (the default) is deprecated and will be removed in 1.6. Use the SAMME algorithm to circumvent this warning.
  warnings.warn(

2025-08-13 23:54:14,685:WARNING:D:\Python\lib\site-packages\sklearn\ensemble\_weight_boosting.py:519: FutureWarning: The SAMME.R algorithm (the default) is deprecated and will be removed in 1.6. Use the SAMME algorithm to circumvent this warning.
  warnings.warn(

2025-08-13 23:54:14,705:WARNING:D:\Python\lib\site-packages\sklearn\ensemble\_weight_boosting.py:519: FutureWarning: The SAMME.R algorithm (the default) is deprecated and will be removed in 1.6. Use the SAMME algorithm to circumvent this warning.
  warnings.warn(

2025-08-13 23:54:15,745:INFO:Calculating mean and std
2025-08-13 23:54:15,745:INFO:Creating metrics dataframe
2025-08-13 23:54:15,745:INFO:Uploading results into container
2025-08-13 23:54:15,745:INFO:Uploading model into container now
2025-08-13 23:54:15,750:INFO:_master_model_container: 9
2025-08-13 23:54:15,750:INFO:_display_container: 2
2025-08-13 23:54:15,750:INFO:AdaBoostClassifier(algorithm='SAMME.R', estimator=None, learning_rate=1.0,
                   n_estimators=50, random_state=123)
2025-08-13 23:54:15,750:INFO:create_model() successfully completed......................................
2025-08-13 23:54:15,903:INFO:SubProcess create_model() end ==================================
2025-08-13 23:54:15,903:INFO:Creating metrics dataframe
2025-08-13 23:54:15,910:INFO:Initializing Gradient Boosting Classifier
2025-08-13 23:54:15,911:INFO:Total runtime is 0.6661397099494933 minutes
2025-08-13 23:54:15,911:INFO:SubProcess create_model() called ==================================
2025-08-13 23:54:15,911:INFO:Initializing create_model()
2025-08-13 23:54:15,911:INFO:create_model(self=<pycaret.classification.oop.ClassificationExperiment object at 0x000001BC8B083E80>, estimator=gbc, fold=StratifiedKFold(n_splits=10, random_state=None, shuffle=False), round=4, cross_validation=True, predict=True, fit_kwargs={}, groups=None, refit=False, probability_threshold=None, experiment_custom_tags=None, verbose=False, system=False, add_to_model_list=True, metrics=None, display=<pycaret.internal.display.display.CommonDisplay object at 0x000001BC95BD55A0>, model_only=True, return_train_score=False, error_score=0.0, kwargs={})
2025-08-13 23:54:15,911:INFO:Checking exceptions
2025-08-13 23:54:15,911:INFO:Importing libraries
2025-08-13 23:54:15,911:INFO:Copying training dataset
2025-08-13 23:54:15,911:INFO:Defining folds
2025-08-13 23:54:15,911:INFO:Declaring metric variables
2025-08-13 23:54:15,911:INFO:Importing untrained model
2025-08-13 23:54:15,911:INFO:Gradient Boosting Classifier Imported successfully
2025-08-13 23:54:15,911:INFO:Starting cross validation
2025-08-13 23:54:15,911:INFO:Cross validating with StratifiedKFold(n_splits=10, random_state=None, shuffle=False), n_jobs=-1
2025-08-13 23:54:24,903:INFO:Calculating mean and std
2025-08-13 23:54:24,905:INFO:Creating metrics dataframe
2025-08-13 23:54:24,905:INFO:Uploading results into container
2025-08-13 23:54:24,905:INFO:Uploading model into container now
2025-08-13 23:54:24,905:INFO:_master_model_container: 10
2025-08-13 23:54:24,905:INFO:_display_container: 2
2025-08-13 23:54:24,905:INFO:GradientBoostingClassifier(ccp_alpha=0.0, criterion='friedman_mse', init=None,
                           learning_rate=0.1, loss='log_loss', max_depth=3,
                           max_features=None, max_leaf_nodes=None,
                           min_impurity_decrease=0.0, min_samples_leaf=1,
                           min_samples_split=2, min_weight_fraction_leaf=0.0,
                           n_estimators=100, n_iter_no_change=None,
                           random_state=123, subsample=1.0, tol=0.0001,
                           validation_fraction=0.1, verbose=0,
                           warm_start=False)
2025-08-13 23:54:24,905:INFO:create_model() successfully completed......................................
2025-08-13 23:54:25,036:INFO:SubProcess create_model() end ==================================
2025-08-13 23:54:25,036:INFO:Creating metrics dataframe
2025-08-13 23:54:25,036:INFO:Initializing Linear Discriminant Analysis
2025-08-13 23:54:25,036:INFO:Total runtime is 0.8182133873303731 minutes
2025-08-13 23:54:25,036:INFO:SubProcess create_model() called ==================================
2025-08-13 23:54:25,036:INFO:Initializing create_model()
2025-08-13 23:54:25,036:INFO:create_model(self=<pycaret.classification.oop.ClassificationExperiment object at 0x000001BC8B083E80>, estimator=lda, fold=StratifiedKFold(n_splits=10, random_state=None, shuffle=False), round=4, cross_validation=True, predict=True, fit_kwargs={}, groups=None, refit=False, probability_threshold=None, experiment_custom_tags=None, verbose=False, system=False, add_to_model_list=True, metrics=None, display=<pycaret.internal.display.display.CommonDisplay object at 0x000001BC95BD55A0>, model_only=True, return_train_score=False, error_score=0.0, kwargs={})
2025-08-13 23:54:25,036:INFO:Checking exceptions
2025-08-13 23:54:25,036:INFO:Importing libraries
2025-08-13 23:54:25,036:INFO:Copying training dataset
2025-08-13 23:54:25,052:INFO:Defining folds
2025-08-13 23:54:25,052:INFO:Declaring metric variables
2025-08-13 23:54:25,052:INFO:Importing untrained model
2025-08-13 23:54:25,052:INFO:Linear Discriminant Analysis Imported successfully
2025-08-13 23:54:25,052:INFO:Starting cross validation
2025-08-13 23:54:25,052:INFO:Cross validating with StratifiedKFold(n_splits=10, random_state=None, shuffle=False), n_jobs=-1
2025-08-13 23:54:25,320:INFO:Calculating mean and std
2025-08-13 23:54:25,320:INFO:Creating metrics dataframe
2025-08-13 23:54:25,323:INFO:Uploading results into container
2025-08-13 23:54:25,323:INFO:Uploading model into container now
2025-08-13 23:54:25,323:INFO:_master_model_container: 11
2025-08-13 23:54:25,323:INFO:_display_container: 2
2025-08-13 23:54:25,323:INFO:LinearDiscriminantAnalysis(covariance_estimator=None, n_components=None,
                           priors=None, shrinkage=None, solver='svd',
                           store_covariance=False, tol=0.0001)
2025-08-13 23:54:25,325:INFO:create_model() successfully completed......................................
2025-08-13 23:54:25,451:INFO:SubProcess create_model() end ==================================
2025-08-13 23:54:25,451:INFO:Creating metrics dataframe
2025-08-13 23:54:25,467:INFO:Initializing Extra Trees Classifier
2025-08-13 23:54:25,467:INFO:Total runtime is 0.8254067222277323 minutes
2025-08-13 23:54:25,467:INFO:SubProcess create_model() called ==================================
2025-08-13 23:54:25,467:INFO:Initializing create_model()
2025-08-13 23:54:25,467:INFO:create_model(self=<pycaret.classification.oop.ClassificationExperiment object at 0x000001BC8B083E80>, estimator=et, fold=StratifiedKFold(n_splits=10, random_state=None, shuffle=False), round=4, cross_validation=True, predict=True, fit_kwargs={}, groups=None, refit=False, probability_threshold=None, experiment_custom_tags=None, verbose=False, system=False, add_to_model_list=True, metrics=None, display=<pycaret.internal.display.display.CommonDisplay object at 0x000001BC95BD55A0>, model_only=True, return_train_score=False, error_score=0.0, kwargs={})
2025-08-13 23:54:25,467:INFO:Checking exceptions
2025-08-13 23:54:25,467:INFO:Importing libraries
2025-08-13 23:54:25,467:INFO:Copying training dataset
2025-08-13 23:54:25,485:INFO:Defining folds
2025-08-13 23:54:25,485:INFO:Declaring metric variables
2025-08-13 23:54:25,485:INFO:Importing untrained model
2025-08-13 23:54:25,485:INFO:Extra Trees Classifier Imported successfully
2025-08-13 23:54:25,485:INFO:Starting cross validation
2025-08-13 23:54:25,485:INFO:Cross validating with StratifiedKFold(n_splits=10, random_state=None, shuffle=False), n_jobs=-1
2025-08-13 23:54:34,148:INFO:Calculating mean and std
2025-08-13 23:54:34,148:INFO:Creating metrics dataframe
2025-08-13 23:54:34,148:INFO:Uploading results into container
2025-08-13 23:54:34,154:INFO:Uploading model into container now
2025-08-13 23:54:34,154:INFO:_master_model_container: 12
2025-08-13 23:54:34,154:INFO:_display_container: 2
2025-08-13 23:54:34,154:INFO:ExtraTreesClassifier(bootstrap=False, ccp_alpha=0.0, class_weight=None,
                     criterion='gini', max_depth=None, max_features='sqrt',
                     max_leaf_nodes=None, max_samples=None,
                     min_impurity_decrease=0.0, min_samples_leaf=1,
                     min_samples_split=2, min_weight_fraction_leaf=0.0,
                     monotonic_cst=None, n_estimators=100, n_jobs=-1,
                     oob_score=False, random_state=123, verbose=0,
                     warm_start=False)
2025-08-13 23:54:34,154:INFO:create_model() successfully completed......................................
2025-08-13 23:54:34,333:INFO:SubProcess create_model() end ==================================
2025-08-13 23:54:34,333:INFO:Creating metrics dataframe
2025-08-13 23:54:34,343:INFO:Initializing Extreme Gradient Boosting
2025-08-13 23:54:34,343:INFO:Total runtime is 0.9733291149139404 minutes
2025-08-13 23:54:34,343:INFO:SubProcess create_model() called ==================================
2025-08-13 23:54:34,343:INFO:Initializing create_model()
2025-08-13 23:54:34,343:INFO:create_model(self=<pycaret.classification.oop.ClassificationExperiment object at 0x000001BC8B083E80>, estimator=xgboost, fold=StratifiedKFold(n_splits=10, random_state=None, shuffle=False), round=4, cross_validation=True, predict=True, fit_kwargs={}, groups=None, refit=False, probability_threshold=None, experiment_custom_tags=None, verbose=False, system=False, add_to_model_list=True, metrics=None, display=<pycaret.internal.display.display.CommonDisplay object at 0x000001BC95BD55A0>, model_only=True, return_train_score=False, error_score=0.0, kwargs={})
2025-08-13 23:54:34,343:INFO:Checking exceptions
2025-08-13 23:54:34,343:INFO:Importing libraries
2025-08-13 23:54:34,343:INFO:Copying training dataset
2025-08-13 23:54:34,353:INFO:Defining folds
2025-08-13 23:54:34,354:INFO:Declaring metric variables
2025-08-13 23:54:34,354:INFO:Importing untrained model
2025-08-13 23:54:34,355:INFO:Extreme Gradient Boosting Imported successfully
2025-08-13 23:54:34,355:INFO:Starting cross validation
2025-08-13 23:54:34,356:INFO:Cross validating with StratifiedKFold(n_splits=10, random_state=None, shuffle=False), n_jobs=-1
2025-08-13 23:54:36,303:INFO:Calculating mean and std
2025-08-13 23:54:36,303:INFO:Creating metrics dataframe
2025-08-13 23:54:36,303:INFO:Uploading results into container
2025-08-13 23:54:36,303:INFO:Uploading model into container now
2025-08-13 23:54:36,303:INFO:_master_model_container: 13
2025-08-13 23:54:36,303:INFO:_display_container: 2
2025-08-13 23:54:36,303:INFO:XGBClassifier(base_score=None, booster='gbtree', callbacks=None,
              colsample_bylevel=None, colsample_bynode=None,
              colsample_bytree=None, device='cpu', early_stopping_rounds=None,
              enable_categorical=False, eval_metric=None, feature_types=None,
              feature_weights=None, gamma=None, grow_policy=None,
              importance_type=None, interaction_constraints=None,
              learning_rate=None, max_bin=None, max_cat_threshold=None,
              max_cat_to_onehot=None, max_delta_step=None, max_depth=None,
              max_leaves=None, min_child_weight=None, missing=nan,
              monotone_constraints=None, multi_strategy=None, n_estimators=None,
              n_jobs=-1, num_parallel_tree=None, ...)
2025-08-13 23:54:36,303:INFO:create_model() successfully completed......................................
2025-08-13 23:54:36,442:INFO:SubProcess create_model() end ==================================
2025-08-13 23:54:36,442:INFO:Creating metrics dataframe
2025-08-13 23:54:36,459:INFO:Initializing Light Gradient Boosting Machine
2025-08-13 23:54:36,459:INFO:Total runtime is 1.008597191174825 minutes
2025-08-13 23:54:36,459:INFO:SubProcess create_model() called ==================================
2025-08-13 23:54:36,459:INFO:Initializing create_model()
2025-08-13 23:54:36,459:INFO:create_model(self=<pycaret.classification.oop.ClassificationExperiment object at 0x000001BC8B083E80>, estimator=lightgbm, fold=StratifiedKFold(n_splits=10, random_state=None, shuffle=False), round=4, cross_validation=True, predict=True, fit_kwargs={}, groups=None, refit=False, probability_threshold=None, experiment_custom_tags=None, verbose=False, system=False, add_to_model_list=True, metrics=None, display=<pycaret.internal.display.display.CommonDisplay object at 0x000001BC95BD55A0>, model_only=True, return_train_score=False, error_score=0.0, kwargs={})
2025-08-13 23:54:36,459:INFO:Checking exceptions
2025-08-13 23:54:36,459:INFO:Importing libraries
2025-08-13 23:54:36,459:INFO:Copying training dataset
2025-08-13 23:54:36,459:INFO:Defining folds
2025-08-13 23:54:36,459:INFO:Declaring metric variables
2025-08-13 23:54:36,459:INFO:Importing untrained model
2025-08-13 23:54:36,459:INFO:Light Gradient Boosting Machine Imported successfully
2025-08-13 23:54:36,459:INFO:Starting cross validation
2025-08-13 23:54:36,459:INFO:Cross validating with StratifiedKFold(n_splits=10, random_state=None, shuffle=False), n_jobs=-1
2025-08-13 23:54:38,358:INFO:Calculating mean and std
2025-08-13 23:54:38,359:INFO:Creating metrics dataframe
2025-08-13 23:54:38,360:INFO:Uploading results into container
2025-08-13 23:54:38,362:INFO:Uploading model into container now
2025-08-13 23:54:38,362:INFO:_master_model_container: 14
2025-08-13 23:54:38,362:INFO:_display_container: 2
2025-08-13 23:54:38,364:INFO:LGBMClassifier(boosting_type='gbdt', class_weight=None, colsample_bytree=1.0,
               importance_type='split', learning_rate=0.1, max_depth=-1,
               min_child_samples=20, min_child_weight=0.001, min_split_gain=0.0,
               n_estimators=100, n_jobs=-1, num_leaves=31, objective=None,
               random_state=123, reg_alpha=0.0, reg_lambda=0.0, subsample=1.0,
               subsample_for_bin=200000, subsample_freq=0)
2025-08-13 23:54:38,364:INFO:create_model() successfully completed......................................
2025-08-13 23:54:38,526:INFO:SubProcess create_model() end ==================================
2025-08-13 23:54:38,526:INFO:Creating metrics dataframe
2025-08-13 23:54:38,526:INFO:Initializing CatBoost Classifier
2025-08-13 23:54:38,526:INFO:Total runtime is 1.0430611530939737 minutes
2025-08-13 23:54:38,526:INFO:SubProcess create_model() called ==================================
2025-08-13 23:54:38,526:INFO:Initializing create_model()
2025-08-13 23:54:38,526:INFO:create_model(self=<pycaret.classification.oop.ClassificationExperiment object at 0x000001BC8B083E80>, estimator=catboost, fold=StratifiedKFold(n_splits=10, random_state=None, shuffle=False), round=4, cross_validation=True, predict=True, fit_kwargs={}, groups=None, refit=False, probability_threshold=None, experiment_custom_tags=None, verbose=False, system=False, add_to_model_list=True, metrics=None, display=<pycaret.internal.display.display.CommonDisplay object at 0x000001BC95BD55A0>, model_only=True, return_train_score=False, error_score=0.0, kwargs={})
2025-08-13 23:54:38,526:INFO:Checking exceptions
2025-08-13 23:54:38,526:INFO:Importing libraries
2025-08-13 23:54:38,526:INFO:Copying training dataset
2025-08-13 23:54:38,526:INFO:Defining folds
2025-08-13 23:54:38,526:INFO:Declaring metric variables
2025-08-13 23:54:38,542:INFO:Importing untrained model
2025-08-13 23:54:38,676:INFO:CatBoost Classifier Imported successfully
2025-08-13 23:54:38,676:INFO:Starting cross validation
2025-08-13 23:54:38,676:INFO:Cross validating with StratifiedKFold(n_splits=10, random_state=None, shuffle=False), n_jobs=-1
2025-08-13 23:55:55,189:INFO:Calculating mean and std
2025-08-13 23:55:55,191:INFO:Creating metrics dataframe
2025-08-13 23:55:55,195:INFO:Uploading results into container
2025-08-13 23:55:55,195:INFO:Uploading model into container now
2025-08-13 23:55:55,195:INFO:_master_model_container: 15
2025-08-13 23:55:55,197:INFO:_display_container: 2
2025-08-13 23:55:55,197:INFO:<catboost.core.CatBoostClassifier object at 0x000001BC959C9E10>
2025-08-13 23:55:55,197:INFO:create_model() successfully completed......................................
2025-08-13 23:55:55,456:INFO:SubProcess create_model() end ==================================
2025-08-13 23:55:55,458:INFO:Creating metrics dataframe
2025-08-13 23:55:55,462:INFO:Initializing Dummy Classifier
2025-08-13 23:55:55,462:INFO:Total runtime is 2.3253194093704224 minutes
2025-08-13 23:55:55,462:INFO:SubProcess create_model() called ==================================
2025-08-13 23:55:55,462:INFO:Initializing create_model()
2025-08-13 23:55:55,464:INFO:create_model(self=<pycaret.classification.oop.ClassificationExperiment object at 0x000001BC8B083E80>, estimator=dummy, fold=StratifiedKFold(n_splits=10, random_state=None, shuffle=False), round=4, cross_validation=True, predict=True, fit_kwargs={}, groups=None, refit=False, probability_threshold=None, experiment_custom_tags=None, verbose=False, system=False, add_to_model_list=True, metrics=None, display=<pycaret.internal.display.display.CommonDisplay object at 0x000001BC95BD55A0>, model_only=True, return_train_score=False, error_score=0.0, kwargs={})
2025-08-13 23:55:55,464:INFO:Checking exceptions
2025-08-13 23:55:55,464:INFO:Importing libraries
2025-08-13 23:55:55,464:INFO:Copying training dataset
2025-08-13 23:55:55,491:INFO:Defining folds
2025-08-13 23:55:55,492:INFO:Declaring metric variables
2025-08-13 23:55:55,492:INFO:Importing untrained model
2025-08-13 23:55:55,493:INFO:Dummy Classifier Imported successfully
2025-08-13 23:55:55,493:INFO:Starting cross validation
2025-08-13 23:55:55,495:INFO:Cross validating with StratifiedKFold(n_splits=10, random_state=None, shuffle=False), n_jobs=-1
2025-08-13 23:55:55,717:INFO:Calculating mean and std
2025-08-13 23:55:55,719:INFO:Creating metrics dataframe
2025-08-13 23:55:55,721:INFO:Uploading results into container
2025-08-13 23:55:55,721:INFO:Uploading model into container now
2025-08-13 23:55:55,723:INFO:_master_model_container: 16
2025-08-13 23:55:55,723:INFO:_display_container: 2
2025-08-13 23:55:55,723:INFO:DummyClassifier(constant=None, random_state=123, strategy='prior')
2025-08-13 23:55:55,723:INFO:create_model() successfully completed......................................
2025-08-13 23:55:55,974:INFO:SubProcess create_model() end ==================================
2025-08-13 23:55:55,974:INFO:Creating metrics dataframe
2025-08-13 23:55:55,995:WARNING:D:\Python\lib\site-packages\pycaret\internal\pycaret_experiment\supervised_experiment.py:323: FutureWarning: Styler.applymap has been deprecated. Use Styler.map instead.

2025-08-13 23:55:55,997:INFO:Initializing create_model()
2025-08-13 23:55:55,999:INFO:create_model(self=<pycaret.classification.oop.ClassificationExperiment object at 0x000001BC8B083E80>, estimator=QuadraticDiscriminantAnalysis(priors=None, reg_param=0.0,
                              store_covariance=False, tol=0.0001), fold=StratifiedKFold(n_splits=10, random_state=None, shuffle=False), round=4, cross_validation=False, predict=False, fit_kwargs={}, groups=None, refit=True, probability_threshold=None, experiment_custom_tags=None, verbose=False, system=False, add_to_model_list=True, metrics=None, display=None, model_only=True, return_train_score=False, error_score=0.0, kwargs={})
2025-08-13 23:55:55,999:INFO:Checking exceptions
2025-08-13 23:55:56,021:INFO:Importing libraries
2025-08-13 23:55:56,021:INFO:Copying training dataset
2025-08-13 23:55:56,034:INFO:Defining folds
2025-08-13 23:55:56,034:INFO:Declaring metric variables
2025-08-13 23:55:56,034:INFO:Importing untrained model
2025-08-13 23:55:56,034:INFO:Declaring custom model
2025-08-13 23:55:56,035:INFO:Quadratic Discriminant Analysis Imported successfully
2025-08-13 23:55:56,036:INFO:Cross validation set to False
2025-08-13 23:55:56,036:INFO:Fitting Model
2025-08-13 23:55:56,058:INFO:QuadraticDiscriminantAnalysis(priors=None, reg_param=0.0,
                              store_covariance=False, tol=0.0001)
2025-08-13 23:55:56,058:INFO:create_model() successfully completed......................................
2025-08-13 23:55:56,301:INFO:_master_model_container: 16
2025-08-13 23:55:56,301:INFO:_display_container: 2
2025-08-13 23:55:56,301:INFO:QuadraticDiscriminantAnalysis(priors=None, reg_param=0.0,
                              store_covariance=False, tol=0.0001)
2025-08-13 23:55:56,301:INFO:compare_models() successfully completed......................................
2025-08-13 23:55:56,306:INFO:Initializing save_model()
2025-08-13 23:55:56,306:INFO:save_model(model=QuadraticDiscriminantAnalysis(priors=None, reg_param=0.0,
                              store_covariance=False, tol=0.0001), model_name=loan_model, prep_pipe_=Pipeline(memory=FastMemory(location=C:\Users\shikh\AppData\Local\Temp\joblib),
         steps=[('numerical_imputer',
                 TransformerWrapper(exclude=None,
                                    include=['Credit_Score', 'Annual_Income',
                                             'Loan_Amount_Requested'],
                                    transformer=SimpleImputer(add_indicator=False,
                                                              copy=True,
                                                              fill_value=None,
                                                              keep_empty_features=False,
                                                              missing_values=nan,
                                                              strategy='mean'))),
                ('categorical_imputer',
                 TransformerWrapper(exclude=None, include=[],
                                    transformer=SimpleImputer(add_indicator=False,
                                                              copy=True,
                                                              fill_value=None,
                                                              keep_empty_features=False,
                                                              missing_values=nan,
                                                              strategy='most_frequent'))),
                ('normalize',
                 TransformerWrapper(exclude=None, include=None,
                                    transformer=StandardScaler(copy=True,
                                                               with_mean=True,
                                                               with_std=True)))],
         verbose=False), verbose=True, use_case=MLUsecase.CLASSIFICATION, kwargs={})
2025-08-13 23:55:56,306:INFO:Adding model into prep_pipe
2025-08-13 23:55:56,329:INFO:loan_model.pkl saved in current working directory
2025-08-13 23:55:56,338:INFO:Pipeline(memory=Memory(location=None),
         steps=[('numerical_imputer',
                 TransformerWrapper(exclude=None,
                                    include=['Credit_Score', 'Annual_Income',
                                             'Loan_Amount_Requested'],
                                    transformer=SimpleImputer(add_indicator=False,
                                                              copy=True,
                                                              fill_value=None,
                                                              keep_empty_features=False,
                                                              missing_values=nan,
                                                              strategy='mean'))),
                ('categorical_imputer',
                 TransformerWrapper(exclude=N...
                                                              copy=True,
                                                              fill_value=None,
                                                              keep_empty_features=False,
                                                              missing_values=nan,
                                                              strategy='most_frequent'))),
                ('normalize',
                 TransformerWrapper(exclude=None, include=None,
                                    transformer=StandardScaler(copy=True,
                                                               with_mean=True,
                                                               with_std=True))),
                ('trained_model',
                 QuadraticDiscriminantAnalysis(priors=None, reg_param=0.0,
                                               store_covariance=False,
                                               tol=0.0001))],
         verbose=False)
2025-08-13 23:55:56,338:INFO:save_model() successfully completed......................................
2025-08-13 23:56:58,630:WARNING:
'cuml' is a soft dependency and not included in the pycaret installation. Please run: `pip install cuml` to install.
2025-08-13 23:56:58,630:WARNING:
'cuml' is a soft dependency and not included in the pycaret installation. Please run: `pip install cuml` to install.
2025-08-13 23:56:58,630:WARNING:
'cuml' is a soft dependency and not included in the pycaret installation. Please run: `pip install cuml` to install.
2025-08-13 23:56:58,630:WARNING:
'cuml' is a soft dependency and not included in the pycaret installation. Please run: `pip install cuml` to install.
2025-08-13 23:57:05,579:INFO:Initializing load_model()
2025-08-13 23:57:05,579:INFO:load_model(model_name=loan_model, platform=None, authentication=None, verbose=True)
2025-08-13 23:58:55,282:INFO:Initializing predict_model()
2025-08-13 23:58:55,284:INFO:predict_model(self=<pycaret.classification.oop.ClassificationExperiment object at 0x000002606C24E560>, estimator=Pipeline(memory=Memory(location=None),
         steps=[('numerical_imputer',
                 TransformerWrapper(include=['Credit_Score', 'Annual_Income',
                                             'Loan_Amount_Requested'],
                                    transformer=SimpleImputer())),
                ('categorical_imputer',
                 TransformerWrapper(include=[],
                                    transformer=SimpleImputer(strategy='most_frequent'))),
                ('normalize', TransformerWrapper(transformer=StandardScaler())),
                ('trained_model', QuadraticDiscriminantAnalysis())]), probability_threshold=None, encoded_labels=False, raw_score=False, round=4, verbose=True, ml_usecase=None, preprocess=True, encode_labels=<function _SupervisedExperiment.predict_model.<locals>.encode_labels at 0x000002606C3A1120>)
2025-08-13 23:58:55,284:INFO:Checking exceptions
2025-08-13 23:58:55,284:INFO:Preloading libraries
2025-08-13 23:58:55,285:INFO:Set up data.
2025-08-13 23:58:55,290:INFO:Set up index.
2025-08-13 23:59:15,236:INFO:Initializing predict_model()
2025-08-13 23:59:15,251:INFO:predict_model(self=<pycaret.classification.oop.ClassificationExperiment object at 0x000002606C39A710>, estimator=Pipeline(memory=Memory(location=None),
         steps=[('numerical_imputer',
                 TransformerWrapper(include=['Credit_Score', 'Annual_Income',
                                             'Loan_Amount_Requested'],
                                    transformer=SimpleImputer())),
                ('categorical_imputer',
                 TransformerWrapper(include=[],
                                    transformer=SimpleImputer(strategy='most_frequent'))),
                ('normalize', TransformerWrapper(transformer=StandardScaler())),
                ('trained_model', QuadraticDiscriminantAnalysis())]), probability_threshold=None, encoded_labels=False, raw_score=False, round=4, verbose=True, ml_usecase=None, preprocess=True, encode_labels=<function _SupervisedExperiment.predict_model.<locals>.encode_labels at 0x000002606C724550>)
2025-08-13 23:59:15,251:INFO:Checking exceptions
2025-08-13 23:59:15,251:INFO:Preloading libraries
2025-08-13 23:59:15,252:INFO:Set up data.
2025-08-13 23:59:15,253:INFO:Set up index.
2025-08-13 23:59:16,688:INFO:Initializing predict_model()
2025-08-13 23:59:16,688:INFO:predict_model(self=<pycaret.classification.oop.ClassificationExperiment object at 0x000002606C39B9A0>, estimator=Pipeline(memory=Memory(location=None),
         steps=[('numerical_imputer',
                 TransformerWrapper(include=['Credit_Score', 'Annual_Income',
                                             'Loan_Amount_Requested'],
                                    transformer=SimpleImputer())),
                ('categorical_imputer',
                 TransformerWrapper(include=[],
                                    transformer=SimpleImputer(strategy='most_frequent'))),
                ('normalize', TransformerWrapper(transformer=StandardScaler())),
                ('trained_model', QuadraticDiscriminantAnalysis())]), probability_threshold=None, encoded_labels=False, raw_score=False, round=4, verbose=True, ml_usecase=None, preprocess=True, encode_labels=<function _SupervisedExperiment.predict_model.<locals>.encode_labels at 0x000002606C724A60>)
2025-08-13 23:59:16,688:INFO:Checking exceptions
2025-08-13 23:59:16,688:INFO:Preloading libraries
2025-08-13 23:59:16,688:INFO:Set up data.
2025-08-13 23:59:16,699:INFO:Set up index.
2025-08-14 00:01:57,557:WARNING:
'cuml' is a soft dependency and not included in the pycaret installation. Please run: `pip install cuml` to install.
2025-08-14 00:01:57,557:WARNING:
'cuml' is a soft dependency and not included in the pycaret installation. Please run: `pip install cuml` to install.
2025-08-14 00:01:57,557:WARNING:
'cuml' is a soft dependency and not included in the pycaret installation. Please run: `pip install cuml` to install.
2025-08-14 00:01:57,557:WARNING:
'cuml' is a soft dependency and not included in the pycaret installation. Please run: `pip install cuml` to install.
2025-08-14 00:02:01,865:INFO:Initializing load_model()
2025-08-14 00:02:01,865:INFO:load_model(model_name=loan_model, platform=None, authentication=None, verbose=True)
2025-08-14 00:05:34,439:INFO:Initializing predict_model()
2025-08-14 00:05:34,439:INFO:predict_model(self=<pycaret.classification.oop.ClassificationExperiment object at 0x000001DC480DF430>, estimator=Pipeline(memory=Memory(location=None),
         steps=[('numerical_imputer',
                 TransformerWrapper(include=['Credit_Score', 'Annual_Income',
                                             'Loan_Amount_Requested'],
                                    transformer=SimpleImputer())),
                ('categorical_imputer',
                 TransformerWrapper(include=[],
                                    transformer=SimpleImputer(strategy='most_frequent'))),
                ('normalize', TransformerWrapper(transformer=StandardScaler())),
                ('trained_model', QuadraticDiscriminantAnalysis())]), probability_threshold=None, encoded_labels=False, raw_score=False, round=4, verbose=True, ml_usecase=None, preprocess=True, encode_labels=<function _SupervisedExperiment.predict_model.<locals>.encode_labels at 0x000001DC49720EE0>)
2025-08-14 00:05:34,439:INFO:Checking exceptions
2025-08-14 00:05:34,439:INFO:Preloading libraries
2025-08-14 00:05:34,439:INFO:Set up data.
2025-08-14 00:05:34,439:INFO:Set up index.
2025-08-14 00:06:33,247:WARNING:
'cuml' is a soft dependency and not included in the pycaret installation. Please run: `pip install cuml` to install.
2025-08-14 00:06:33,247:WARNING:
'cuml' is a soft dependency and not included in the pycaret installation. Please run: `pip install cuml` to install.
2025-08-14 00:06:33,247:WARNING:
'cuml' is a soft dependency and not included in the pycaret installation. Please run: `pip install cuml` to install.
2025-08-14 00:06:33,247:WARNING:
'cuml' is a soft dependency and not included in the pycaret installation. Please run: `pip install cuml` to install.
2025-08-14 00:06:34,995:INFO:Initializing load_model()
2025-08-14 00:06:34,995:INFO:load_model(model_name=loan_model, platform=None, authentication=None, verbose=True)
2025-08-14 00:07:16,084:INFO:Initializing predict_model()
2025-08-14 00:07:16,085:INFO:predict_model(self=<pycaret.classification.oop.ClassificationExperiment object at 0x00000203781381C0>, estimator=Pipeline(memory=Memory(location=None),
         steps=[('numerical_imputer',
                 TransformerWrapper(include=['Credit_Score', 'Annual_Income',
                                             'Loan_Amount_Requested'],
                                    transformer=SimpleImputer())),
                ('categorical_imputer',
                 TransformerWrapper(include=[],
                                    transformer=SimpleImputer(strategy='most_frequent'))),
                ('normalize', TransformerWrapper(transformer=StandardScaler())),
                ('trained_model', QuadraticDiscriminantAnalysis())]), probability_threshold=None, encoded_labels=False, raw_score=False, round=4, verbose=True, ml_usecase=None, preprocess=True, encode_labels=<function _SupervisedExperiment.predict_model.<locals>.encode_labels at 0x0000020378130C10>)
2025-08-14 00:07:16,085:INFO:Checking exceptions
2025-08-14 00:07:16,085:INFO:Preloading libraries
2025-08-14 00:07:16,085:INFO:Set up data.
2025-08-14 00:07:16,090:INFO:Set up index.
2025-08-14 00:09:33,561:WARNING:
'cuml' is a soft dependency and not included in the pycaret installation. Please run: `pip install cuml` to install.
2025-08-14 00:09:33,561:WARNING:
'cuml' is a soft dependency and not included in the pycaret installation. Please run: `pip install cuml` to install.
2025-08-14 00:09:33,561:WARNING:
'cuml' is a soft dependency and not included in the pycaret installation. Please run: `pip install cuml` to install.
2025-08-14 00:09:33,561:WARNING:
'cuml' is a soft dependency and not included in the pycaret installation. Please run: `pip install cuml` to install.
2025-08-14 00:09:35,440:INFO:Initializing load_model()
2025-08-14 00:09:35,440:INFO:load_model(model_name=loan_model, platform=None, authentication=None, verbose=True)
2025-08-14 00:09:58,306:INFO:Initializing predict_model()
2025-08-14 00:09:58,306:INFO:predict_model(self=<pycaret.classification.oop.ClassificationExperiment object at 0x000001C1A4174220>, estimator=Pipeline(memory=Memory(location=None),
         steps=[('numerical_imputer',
                 TransformerWrapper(include=['Credit_Score', 'Annual_Income',
                                             'Loan_Amount_Requested'],
                                    transformer=SimpleImputer())),
                ('categorical_imputer',
                 TransformerWrapper(include=[],
                                    transformer=SimpleImputer(strategy='most_frequent'))),
                ('normalize', TransformerWrapper(transformer=StandardScaler())),
                ('trained_model', QuadraticDiscriminantAnalysis())]), probability_threshold=None, encoded_labels=False, raw_score=False, round=4, verbose=True, ml_usecase=None, preprocess=True, encode_labels=<function _SupervisedExperiment.predict_model.<locals>.encode_labels at 0x000001C1A2FD2710>)
2025-08-14 00:09:58,306:INFO:Checking exceptions
2025-08-14 00:09:58,306:INFO:Preloading libraries
2025-08-14 00:09:58,307:INFO:Set up data.
2025-08-14 00:09:58,311:INFO:Set up index.
2025-08-14 00:11:36,654:WARNING:
'cuml' is a soft dependency and not included in the pycaret installation. Please run: `pip install cuml` to install.
2025-08-14 00:11:36,654:WARNING:
'cuml' is a soft dependency and not included in the pycaret installation. Please run: `pip install cuml` to install.
2025-08-14 00:11:36,654:WARNING:
'cuml' is a soft dependency and not included in the pycaret installation. Please run: `pip install cuml` to install.
2025-08-14 00:11:36,654:WARNING:
'cuml' is a soft dependency and not included in the pycaret installation. Please run: `pip install cuml` to install.
2025-08-14 00:11:40,028:INFO:Initializing load_model()
2025-08-14 00:11:40,028:INFO:load_model(model_name=loan_model, platform=None, authentication=None, verbose=True)
2025-08-14 00:12:13,383:INFO:Initializing predict_model()
2025-08-14 00:12:13,383:INFO:predict_model(self=<pycaret.classification.oop.ClassificationExperiment object at 0x000002344451DDE0>, estimator=Pipeline(memory=Memory(location=None),
         steps=[('numerical_imputer',
                 TransformerWrapper(include=['Credit_Score', 'Annual_Income',
                                             'Loan_Amount_Requested'],
                                    transformer=SimpleImputer())),
                ('categorical_imputer',
                 TransformerWrapper(include=[],
                                    transformer=SimpleImputer(strategy='most_frequent'))),
                ('normalize', TransformerWrapper(transformer=StandardScaler())),
                ('trained_model', QuadraticDiscriminantAnalysis())]), probability_threshold=None, encoded_labels=False, raw_score=False, round=4, verbose=True, ml_usecase=None, preprocess=True, encode_labels=<function _SupervisedExperiment.predict_model.<locals>.encode_labels at 0x0000023445729750>)
2025-08-14 00:12:13,383:INFO:Checking exceptions
2025-08-14 00:12:13,383:INFO:Preloading libraries
2025-08-14 00:12:13,384:INFO:Set up data.
2025-08-14 00:12:13,390:INFO:Set up index.
2025-08-14 00:13:13,338:INFO:Initializing predict_model()
2025-08-14 00:13:13,338:INFO:predict_model(self=<pycaret.classification.oop.ClassificationExperiment object at 0x00000234441DD810>, estimator=Pipeline(memory=Memory(location=None),
         steps=[('numerical_imputer',
                 TransformerWrapper(include=['Credit_Score', 'Annual_Income',
                                             'Loan_Amount_Requested'],
                                    transformer=SimpleImputer())),
                ('categorical_imputer',
                 TransformerWrapper(include=[],
                                    transformer=SimpleImputer(strategy='most_frequent'))),
                ('normalize', TransformerWrapper(transformer=StandardScaler())),
                ('trained_model', QuadraticDiscriminantAnalysis())]), probability_threshold=None, encoded_labels=False, raw_score=False, round=4, verbose=True, ml_usecase=None, preprocess=True, encode_labels=<function _SupervisedExperiment.predict_model.<locals>.encode_labels at 0x00000234441F4550>)
2025-08-14 00:13:13,338:INFO:Checking exceptions
2025-08-14 00:13:13,338:INFO:Preloading libraries
2025-08-14 00:13:13,338:INFO:Set up data.
2025-08-14 00:13:13,338:INFO:Set up index.
2025-08-14 00:13:15,708:INFO:Initializing predict_model()
2025-08-14 00:13:15,708:INFO:predict_model(self=<pycaret.classification.oop.ClassificationExperiment object at 0x00000234441DE800>, estimator=Pipeline(memory=Memory(location=None),
         steps=[('numerical_imputer',
                 TransformerWrapper(include=['Credit_Score', 'Annual_Income',
                                             'Loan_Amount_Requested'],
                                    transformer=SimpleImputer())),
                ('categorical_imputer',
                 TransformerWrapper(include=[],
                                    transformer=SimpleImputer(strategy='most_frequent'))),
                ('normalize', TransformerWrapper(transformer=StandardScaler())),
                ('trained_model', QuadraticDiscriminantAnalysis())]), probability_threshold=None, encoded_labels=False, raw_score=False, round=4, verbose=True, ml_usecase=None, preprocess=True, encode_labels=<function _SupervisedExperiment.predict_model.<locals>.encode_labels at 0x00000234441F4670>)
2025-08-14 00:13:15,708:INFO:Checking exceptions
2025-08-14 00:13:15,708:INFO:Preloading libraries
2025-08-14 00:13:15,708:INFO:Set up data.
2025-08-14 00:13:15,709:INFO:Set up index.
2025-08-14 01:00:03,180:WARNING:
'cuml' is a soft dependency and not included in the pycaret installation. Please run: `pip install cuml` to install.
2025-08-14 01:00:03,203:WARNING:
'cuml' is a soft dependency and not included in the pycaret installation. Please run: `pip install cuml` to install.
2025-08-14 01:00:03,203:WARNING:
'cuml' is a soft dependency and not included in the pycaret installation. Please run: `pip install cuml` to install.
2025-08-14 01:00:03,203:WARNING:
'cuml' is a soft dependency and not included in the pycaret installation. Please run: `pip install cuml` to install.
2025-08-14 01:01:12,975:WARNING:
'cuml' is a soft dependency and not included in the pycaret installation. Please run: `pip install cuml` to install.
2025-08-14 01:01:12,975:WARNING:
'cuml' is a soft dependency and not included in the pycaret installation. Please run: `pip install cuml` to install.
2025-08-14 01:01:12,975:WARNING:
'cuml' is a soft dependency and not included in the pycaret installation. Please run: `pip install cuml` to install.
2025-08-14 01:01:12,975:WARNING:
'cuml' is a soft dependency and not included in the pycaret installation. Please run: `pip install cuml` to install.
2025-08-14 01:01:14,821:INFO:PyCaret ClassificationExperiment
2025-08-14 01:01:14,821:INFO:Logging name: clf-default-name
2025-08-14 01:01:14,821:INFO:ML Usecase: MLUsecase.CLASSIFICATION
2025-08-14 01:01:14,821:INFO:version 3.3.2
2025-08-14 01:01:14,821:INFO:Initializing setup()
2025-08-14 01:01:14,821:INFO:self.USI: ec9a
2025-08-14 01:01:14,821:INFO:self._variable_keys: {'X_train', '_available_plots', 'log_plots_param', 'y_train', 'gpu_param', 'exp_id', 'y_test', 'is_multiclass', 'logging_param', 'seed', 'exp_name_log', 'data', 'fix_imbalance', 'target_param', 'idx', 'X', 'fold_shuffle_param', 'pipeline', 'fold_generator', '_ml_usecase', 'X_test', 'USI', 'fold_groups_param', 'y', 'n_jobs_param', 'html_param', 'memory', 'gpu_n_jobs_param'}
2025-08-14 01:01:14,821:INFO:Checking environment
2025-08-14 01:01:14,821:INFO:python_version: 3.10.1
2025-08-14 01:01:14,821:INFO:python_build: ('tags/v3.10.1:2cd268a', 'Dec  6 2021 19:10:37')
2025-08-14 01:01:14,821:INFO:machine: AMD64
2025-08-14 01:01:14,821:INFO:platform: Windows-10-10.0.26100-SP0
2025-08-14 01:01:14,837:INFO:Memory: svmem(total=8311836672, available=1051672576, percent=87.3, used=7260164096, free=1051672576)
2025-08-14 01:01:14,837:INFO:Physical Core: 4
2025-08-14 01:01:14,837:INFO:Logical Core: 8
2025-08-14 01:01:14,837:INFO:Checking libraries
2025-08-14 01:01:14,837:INFO:System:
2025-08-14 01:01:14,837:INFO:    python: 3.10.1 (tags/v3.10.1:2cd268a, Dec  6 2021, 19:10:37) [MSC v.1929 64 bit (AMD64)]
2025-08-14 01:01:14,837:INFO:executable: D:\Python\python.exe
2025-08-14 01:01:14,837:INFO:   machine: Windows-10-10.0.26100-SP0
2025-08-14 01:01:14,837:INFO:PyCaret required dependencies:
2025-08-14 01:01:18,568:INFO:                 pip: 23.0.1
2025-08-14 01:01:18,568:INFO:          setuptools: 80.9.0
2025-08-14 01:01:18,568:INFO:             pycaret: 3.3.2
2025-08-14 01:01:18,568:INFO:             IPython: 8.24.0
2025-08-14 01:01:18,568:INFO:          ipywidgets: 8.1.2
2025-08-14 01:01:18,568:INFO:                tqdm: 4.66.4
2025-08-14 01:01:18,568:INFO:               numpy: 1.26.4
2025-08-14 01:01:18,568:INFO:              pandas: 2.1.4
2025-08-14 01:01:18,568:INFO:              jinja2: 3.1.4
2025-08-14 01:01:18,568:INFO:               scipy: 1.11.4
2025-08-14 01:01:18,571:INFO:              joblib: 1.3.2
2025-08-14 01:01:18,571:INFO:             sklearn: 1.4.2
2025-08-14 01:01:18,571:INFO:                pyod: 2.0.5
2025-08-14 01:01:18,571:INFO:            imblearn: 0.13.0
2025-08-14 01:01:18,571:INFO:   category_encoders: 2.7.0
2025-08-14 01:01:18,571:INFO:            lightgbm: 4.6.0
2025-08-14 01:01:18,571:INFO:               numba: 0.61.0
2025-08-14 01:01:18,571:INFO:            requests: 2.32.4
2025-08-14 01:01:18,591:INFO:          matplotlib: 3.7.1
2025-08-14 01:01:18,591:INFO:          scikitplot: 0.3.7
2025-08-14 01:01:18,591:INFO:         yellowbrick: 1.5
2025-08-14 01:01:18,591:INFO:              plotly: 5.24.1
2025-08-14 01:01:18,591:INFO:    plotly-resampler: Not installed
2025-08-14 01:01:18,591:INFO:             kaleido: 1.0.0
2025-08-14 01:01:18,591:INFO:           schemdraw: 0.15
2025-08-14 01:01:18,591:INFO:         statsmodels: 0.14.5
2025-08-14 01:01:18,591:INFO:              sktime: 0.26.0
2025-08-14 01:01:18,591:INFO:               tbats: 1.1.3
2025-08-14 01:01:18,591:INFO:            pmdarima: 2.0.4
2025-08-14 01:01:18,591:INFO:              psutil: 5.9.8
2025-08-14 01:01:18,591:INFO:          markupsafe: 2.1.5
2025-08-14 01:01:18,591:INFO:             pickle5: Not installed
2025-08-14 01:01:18,591:INFO:         cloudpickle: 3.1.1
2025-08-14 01:01:18,591:INFO:         deprecation: 2.1.0
2025-08-14 01:01:18,591:INFO:              xxhash: 3.5.0
2025-08-14 01:01:18,591:INFO:           wurlitzer: Not installed
2025-08-14 01:01:18,591:INFO:PyCaret optional dependencies:
2025-08-14 01:01:33,953:INFO:                shap: 0.44.1
2025-08-14 01:01:33,953:INFO:           interpret: 0.7.2
2025-08-14 01:01:33,953:INFO:                umap: 0.5.7
2025-08-14 01:01:33,953:INFO:     ydata_profiling: 4.16.1
2025-08-14 01:01:33,953:INFO:  explainerdashboard: 0.5.1
2025-08-14 01:01:33,953:INFO:             autoviz: Not installed
2025-08-14 01:01:33,953:INFO:           fairlearn: 0.7.0
2025-08-14 01:01:33,953:INFO:          deepchecks: Not installed
2025-08-14 01:01:33,953:INFO:             xgboost: 3.0.4
2025-08-14 01:01:33,953:INFO:            catboost: 1.2.8
2025-08-14 01:01:33,953:INFO:              kmodes: 0.12.2
2025-08-14 01:01:33,953:INFO:             mlxtend: 0.23.4
2025-08-14 01:01:33,953:INFO:       statsforecast: 1.5.0
2025-08-14 01:01:33,953:INFO:        tune_sklearn: Not installed
2025-08-14 01:01:33,953:INFO:                 ray: Not installed
2025-08-14 01:01:33,953:INFO:            hyperopt: 0.2.7
2025-08-14 01:01:33,953:INFO:              optuna: 4.4.0
2025-08-14 01:01:33,953:INFO:               skopt: 0.10.2
2025-08-14 01:01:33,953:INFO:              mlflow: 3.2.0
2025-08-14 01:01:33,953:INFO:              gradio: 5.42.0
2025-08-14 01:01:33,953:INFO:             fastapi: 0.116.1
2025-08-14 01:01:33,953:INFO:             uvicorn: 0.35.0
2025-08-14 01:01:33,953:INFO:              m2cgen: 0.10.0
2025-08-14 01:01:33,953:INFO:           evidently: 0.4.40
2025-08-14 01:01:33,953:INFO:               fugue: 0.8.7
2025-08-14 01:01:33,953:INFO:           streamlit: 1.35.0
2025-08-14 01:01:33,953:INFO:             prophet: Not installed
2025-08-14 01:01:33,953:INFO:None
2025-08-14 01:01:33,955:INFO:Set up data.
2025-08-14 01:01:34,139:INFO:Set up folding strategy.
2025-08-14 01:01:34,139:INFO:Set up train/test split.
2025-08-14 01:01:34,295:INFO:Set up index.
2025-08-14 01:01:34,353:INFO:Assigning column types.
2025-08-14 01:01:34,405:INFO:Engine successfully changes for model 'lr' to 'sklearn'.
2025-08-14 01:01:34,433:INFO:Engine for model 'knn' has not been set explicitly, hence returning None.
2025-08-14 01:01:34,464:INFO:Engine for model 'rbfsvm' has not been set explicitly, hence returning None.
2025-08-14 01:01:34,598:INFO:Soft dependency imported: xgboost: 3.0.4
2025-08-14 01:01:34,598:INFO:Soft dependency imported: catboost: 1.2.8
2025-08-14 01:01:35,785:INFO:Engine for model 'knn' has not been set explicitly, hence returning None.
2025-08-14 01:01:35,786:INFO:Engine for model 'rbfsvm' has not been set explicitly, hence returning None.
2025-08-14 01:01:35,805:INFO:Soft dependency imported: xgboost: 3.0.4
2025-08-14 01:01:35,805:INFO:Soft dependency imported: catboost: 1.2.8
2025-08-14 01:01:35,805:INFO:Engine successfully changes for model 'knn' to 'sklearn'.
2025-08-14 01:01:35,849:INFO:Engine for model 'rbfsvm' has not been set explicitly, hence returning None.
2025-08-14 01:01:35,867:INFO:Soft dependency imported: xgboost: 3.0.4
2025-08-14 01:01:35,867:INFO:Soft dependency imported: catboost: 1.2.8
2025-08-14 01:01:35,907:INFO:Engine for model 'rbfsvm' has not been set explicitly, hence returning None.
2025-08-14 01:01:35,938:INFO:Soft dependency imported: xgboost: 3.0.4
2025-08-14 01:01:35,940:INFO:Soft dependency imported: catboost: 1.2.8
2025-08-14 01:01:35,940:INFO:Engine successfully changes for model 'rbfsvm' to 'sklearn'.
2025-08-14 01:01:35,994:INFO:Soft dependency imported: xgboost: 3.0.4
2025-08-14 01:01:35,994:INFO:Soft dependency imported: catboost: 1.2.8
2025-08-14 01:01:36,058:INFO:Soft dependency imported: xgboost: 3.0.4
2025-08-14 01:01:36,058:INFO:Soft dependency imported: catboost: 1.2.8
2025-08-14 01:01:36,193:INFO:Preparing preprocessing pipeline...
2025-08-14 01:01:36,205:INFO:Set up simple imputation.
2025-08-14 01:01:36,205:INFO:Set up feature normalization.
2025-08-14 01:01:36,310:INFO:Finished creating preprocessing pipeline.
2025-08-14 01:01:36,324:INFO:Pipeline: Pipeline(memory=FastMemory(location=C:\Users\shikh\AppData\Local\Temp\joblib),
         steps=[('numerical_imputer',
                 TransformerWrapper(exclude=None,
                                    include=['Credit_Score', 'Annual_Income',
                                             'Loan_Amount_Requested',
                                             'Existing_Loans', 'Loan_Term',
                                             'Outstanding_Debt',
                                             'Monthly_Expenses'],
                                    transformer=SimpleImputer(add_indicator=False,
                                                              copy=True,
                                                              fill_value=None,
                                                              keep_emp...
                ('categorical_imputer',
                 TransformerWrapper(exclude=None, include=[],
                                    transformer=SimpleImputer(add_indicator=False,
                                                              copy=True,
                                                              fill_value=None,
                                                              keep_empty_features=False,
                                                              missing_values=nan,
                                                              strategy='most_frequent'))),
                ('normalize',
                 TransformerWrapper(exclude=None, include=None,
                                    transformer=StandardScaler(copy=True,
                                                               with_mean=True,
                                                               with_std=True)))],
         verbose=False)
2025-08-14 01:01:36,324:INFO:Creating final display dataframe.
2025-08-14 01:01:36,495:INFO:Setup _display_container:                     Description                 Value
0                    Session id                   123
1                        Target  Loan_Approval_Status
2                   Target type                Binary
3           Original data shape            (52000, 8)
4        Transformed data shape            (52000, 8)
5   Transformed train set shape            (36400, 8)
6    Transformed test set shape            (15600, 8)
7              Numeric features                     7
8                    Preprocess                  True
9               Imputation type                simple
10           Numeric imputation                  mean
11       Categorical imputation                  mode
12                    Normalize                  True
13             Normalize method                zscore
14               Fold Generator       StratifiedKFold
15                  Fold Number                    10
16                     CPU Jobs                    -1
17                      Use GPU                 False
18               Log Experiment                 False
19              Experiment Name      clf-default-name
20                          USI                  ec9a
2025-08-14 01:01:36,556:INFO:Soft dependency imported: xgboost: 3.0.4
2025-08-14 01:01:36,556:INFO:Soft dependency imported: catboost: 1.2.8
2025-08-14 01:01:36,621:INFO:Soft dependency imported: xgboost: 3.0.4
2025-08-14 01:01:36,623:INFO:Soft dependency imported: catboost: 1.2.8
2025-08-14 01:01:36,625:INFO:setup() successfully completed in 21.88s...............
2025-08-14 01:01:36,625:INFO:Initializing compare_models()
2025-08-14 01:01:36,625:INFO:compare_models(self=<pycaret.classification.oop.ClassificationExperiment object at 0x000001B86067D930>, include=None, fold=None, round=4, cross_validation=True, sort=Accuracy, n_select=1, budget_time=None, turbo=True, errors=ignore, fit_kwargs=None, groups=None, experiment_custom_tags=None, probability_threshold=None, verbose=True, parallel=None, caller_params={'self': <pycaret.classification.oop.ClassificationExperiment object at 0x000001B86067D930>, 'include': None, 'exclude': None, 'fold': None, 'round': 4, 'cross_validation': True, 'sort': 'Accuracy', 'n_select': 1, 'budget_time': None, 'turbo': True, 'errors': 'ignore', 'fit_kwargs': None, 'groups': None, 'experiment_custom_tags': None, 'probability_threshold': None, 'engine': None, 'verbose': True, 'parallel': None, '__class__': <class 'pycaret.classification.oop.ClassificationExperiment'>}, exclude=None)
2025-08-14 01:01:36,625:INFO:Checking exceptions
2025-08-14 01:01:36,688:INFO:Preparing display monitor
2025-08-14 01:01:36,714:INFO:Initializing Logistic Regression
2025-08-14 01:01:36,714:INFO:Total runtime is 0.0 minutes
2025-08-14 01:01:36,714:INFO:SubProcess create_model() called ==================================
2025-08-14 01:01:36,714:INFO:Initializing create_model()
2025-08-14 01:01:36,714:INFO:create_model(self=<pycaret.classification.oop.ClassificationExperiment object at 0x000001B86067D930>, estimator=lr, fold=StratifiedKFold(n_splits=10, random_state=None, shuffle=False), round=4, cross_validation=True, predict=True, fit_kwargs={}, groups=None, refit=False, probability_threshold=None, experiment_custom_tags=None, verbose=False, system=False, add_to_model_list=True, metrics=None, display=<pycaret.internal.display.display.CommonDisplay object at 0x000001B8691C7A00>, model_only=True, return_train_score=False, error_score=0.0, kwargs={})
2025-08-14 01:01:36,714:INFO:Checking exceptions
2025-08-14 01:01:36,714:INFO:Importing libraries
2025-08-14 01:01:36,714:INFO:Copying training dataset
2025-08-14 01:01:36,734:INFO:Defining folds
2025-08-14 01:01:36,734:INFO:Declaring metric variables
2025-08-14 01:01:36,735:INFO:Importing untrained model
2025-08-14 01:01:36,735:INFO:Logistic Regression Imported successfully
2025-08-14 01:01:36,735:INFO:Starting cross validation
2025-08-14 01:01:36,736:INFO:Cross validating with StratifiedKFold(n_splits=10, random_state=None, shuffle=False), n_jobs=-1
2025-08-14 01:01:57,381:INFO:Calculating mean and std
2025-08-14 01:01:57,435:INFO:Creating metrics dataframe
2025-08-14 01:01:57,460:INFO:Uploading results into container
2025-08-14 01:01:57,460:INFO:Uploading model into container now
2025-08-14 01:01:57,460:INFO:_master_model_container: 1
2025-08-14 01:01:57,460:INFO:_display_container: 2
2025-08-14 01:01:57,460:INFO:LogisticRegression(C=1.0, class_weight=None, dual=False, fit_intercept=True,
                   intercept_scaling=1, l1_ratio=None, max_iter=1000,
                   multi_class='auto', n_jobs=None, penalty='l2',
                   random_state=123, solver='lbfgs', tol=0.0001, verbose=0,
                   warm_start=False)
2025-08-14 01:01:57,461:INFO:create_model() successfully completed......................................
2025-08-14 01:01:57,625:INFO:SubProcess create_model() end ==================================
2025-08-14 01:01:57,625:INFO:Creating metrics dataframe
2025-08-14 01:01:57,641:INFO:Initializing K Neighbors Classifier
2025-08-14 01:01:57,641:INFO:Total runtime is 0.3487888852755229 minutes
2025-08-14 01:01:57,641:INFO:SubProcess create_model() called ==================================
2025-08-14 01:01:57,641:INFO:Initializing create_model()
2025-08-14 01:01:57,641:INFO:create_model(self=<pycaret.classification.oop.ClassificationExperiment object at 0x000001B86067D930>, estimator=knn, fold=StratifiedKFold(n_splits=10, random_state=None, shuffle=False), round=4, cross_validation=True, predict=True, fit_kwargs={}, groups=None, refit=False, probability_threshold=None, experiment_custom_tags=None, verbose=False, system=False, add_to_model_list=True, metrics=None, display=<pycaret.internal.display.display.CommonDisplay object at 0x000001B8691C7A00>, model_only=True, return_train_score=False, error_score=0.0, kwargs={})
2025-08-14 01:01:57,641:INFO:Checking exceptions
2025-08-14 01:01:57,641:INFO:Importing libraries
2025-08-14 01:01:57,641:INFO:Copying training dataset
2025-08-14 01:01:57,660:INFO:Defining folds
2025-08-14 01:01:57,660:INFO:Declaring metric variables
2025-08-14 01:01:57,660:INFO:Importing untrained model
2025-08-14 01:01:57,660:INFO:K Neighbors Classifier Imported successfully
2025-08-14 01:01:57,660:INFO:Starting cross validation
2025-08-14 01:01:57,660:INFO:Cross validating with StratifiedKFold(n_splits=10, random_state=None, shuffle=False), n_jobs=-1
2025-08-14 01:01:59,226:INFO:Calculating mean and std
2025-08-14 01:01:59,227:INFO:Creating metrics dataframe
2025-08-14 01:01:59,229:INFO:Uploading results into container
2025-08-14 01:01:59,229:INFO:Uploading model into container now
2025-08-14 01:01:59,229:INFO:_master_model_container: 2
2025-08-14 01:01:59,229:INFO:_display_container: 2
2025-08-14 01:01:59,229:INFO:KNeighborsClassifier(algorithm='auto', leaf_size=30, metric='minkowski',
                     metric_params=None, n_jobs=-1, n_neighbors=5, p=2,
                     weights='uniform')
2025-08-14 01:01:59,229:INFO:create_model() successfully completed......................................
2025-08-14 01:01:59,384:INFO:SubProcess create_model() end ==================================
2025-08-14 01:01:59,384:INFO:Creating metrics dataframe
2025-08-14 01:01:59,392:INFO:Initializing Naive Bayes
2025-08-14 01:01:59,392:INFO:Total runtime is 0.3779689153035482 minutes
2025-08-14 01:01:59,392:INFO:SubProcess create_model() called ==================================
2025-08-14 01:01:59,392:INFO:Initializing create_model()
2025-08-14 01:01:59,392:INFO:create_model(self=<pycaret.classification.oop.ClassificationExperiment object at 0x000001B86067D930>, estimator=nb, fold=StratifiedKFold(n_splits=10, random_state=None, shuffle=False), round=4, cross_validation=True, predict=True, fit_kwargs={}, groups=None, refit=False, probability_threshold=None, experiment_custom_tags=None, verbose=False, system=False, add_to_model_list=True, metrics=None, display=<pycaret.internal.display.display.CommonDisplay object at 0x000001B8691C7A00>, model_only=True, return_train_score=False, error_score=0.0, kwargs={})
2025-08-14 01:01:59,392:INFO:Checking exceptions
2025-08-14 01:01:59,392:INFO:Importing libraries
2025-08-14 01:01:59,392:INFO:Copying training dataset
2025-08-14 01:01:59,400:INFO:Defining folds
2025-08-14 01:01:59,400:INFO:Declaring metric variables
2025-08-14 01:01:59,400:INFO:Importing untrained model
2025-08-14 01:01:59,412:INFO:Naive Bayes Imported successfully
2025-08-14 01:01:59,412:INFO:Starting cross validation
2025-08-14 01:01:59,412:INFO:Cross validating with StratifiedKFold(n_splits=10, random_state=None, shuffle=False), n_jobs=-1
2025-08-14 01:01:59,728:INFO:Calculating mean and std
2025-08-14 01:01:59,729:INFO:Creating metrics dataframe
2025-08-14 01:01:59,731:INFO:Uploading results into container
2025-08-14 01:01:59,733:INFO:Uploading model into container now
2025-08-14 01:01:59,733:INFO:_master_model_container: 3
2025-08-14 01:01:59,734:INFO:_display_container: 2
2025-08-14 01:01:59,735:INFO:GaussianNB(priors=None, var_smoothing=1e-09)
2025-08-14 01:01:59,735:INFO:create_model() successfully completed......................................
2025-08-14 01:01:59,912:INFO:SubProcess create_model() end ==================================
2025-08-14 01:01:59,912:INFO:Creating metrics dataframe
2025-08-14 01:01:59,912:INFO:Initializing Decision Tree Classifier
2025-08-14 01:01:59,912:INFO:Total runtime is 0.38663682142893474 minutes
2025-08-14 01:01:59,912:INFO:SubProcess create_model() called ==================================
2025-08-14 01:01:59,912:INFO:Initializing create_model()
2025-08-14 01:01:59,912:INFO:create_model(self=<pycaret.classification.oop.ClassificationExperiment object at 0x000001B86067D930>, estimator=dt, fold=StratifiedKFold(n_splits=10, random_state=None, shuffle=False), round=4, cross_validation=True, predict=True, fit_kwargs={}, groups=None, refit=False, probability_threshold=None, experiment_custom_tags=None, verbose=False, system=False, add_to_model_list=True, metrics=None, display=<pycaret.internal.display.display.CommonDisplay object at 0x000001B8691C7A00>, model_only=True, return_train_score=False, error_score=0.0, kwargs={})
2025-08-14 01:01:59,912:INFO:Checking exceptions
2025-08-14 01:01:59,912:INFO:Importing libraries
2025-08-14 01:01:59,912:INFO:Copying training dataset
2025-08-14 01:01:59,928:INFO:Defining folds
2025-08-14 01:01:59,928:INFO:Declaring metric variables
2025-08-14 01:01:59,928:INFO:Importing untrained model
2025-08-14 01:01:59,928:INFO:Decision Tree Classifier Imported successfully
2025-08-14 01:01:59,928:INFO:Starting cross validation
2025-08-14 01:01:59,928:INFO:Cross validating with StratifiedKFold(n_splits=10, random_state=None, shuffle=False), n_jobs=-1
2025-08-14 01:02:01,262:INFO:Calculating mean and std
2025-08-14 01:02:01,262:INFO:Creating metrics dataframe
2025-08-14 01:02:01,265:INFO:Uploading results into container
2025-08-14 01:02:01,265:INFO:Uploading model into container now
2025-08-14 01:02:01,265:INFO:_master_model_container: 4
2025-08-14 01:02:01,265:INFO:_display_container: 2
2025-08-14 01:02:01,266:INFO:DecisionTreeClassifier(ccp_alpha=0.0, class_weight=None, criterion='gini',
                       max_depth=None, max_features=None, max_leaf_nodes=None,
                       min_impurity_decrease=0.0, min_samples_leaf=1,
                       min_samples_split=2, min_weight_fraction_leaf=0.0,
                       monotonic_cst=None, random_state=123, splitter='best')
2025-08-14 01:02:01,266:INFO:create_model() successfully completed......................................
2025-08-14 01:02:01,403:INFO:SubProcess create_model() end ==================================
2025-08-14 01:02:01,403:INFO:Creating metrics dataframe
2025-08-14 01:02:01,404:INFO:Initializing SVM - Linear Kernel
2025-08-14 01:02:01,404:INFO:Total runtime is 0.41149483919143676 minutes
2025-08-14 01:02:01,405:INFO:SubProcess create_model() called ==================================
2025-08-14 01:02:01,405:INFO:Initializing create_model()
2025-08-14 01:02:01,405:INFO:create_model(self=<pycaret.classification.oop.ClassificationExperiment object at 0x000001B86067D930>, estimator=svm, fold=StratifiedKFold(n_splits=10, random_state=None, shuffle=False), round=4, cross_validation=True, predict=True, fit_kwargs={}, groups=None, refit=False, probability_threshold=None, experiment_custom_tags=None, verbose=False, system=False, add_to_model_list=True, metrics=None, display=<pycaret.internal.display.display.CommonDisplay object at 0x000001B8691C7A00>, model_only=True, return_train_score=False, error_score=0.0, kwargs={})
2025-08-14 01:02:01,405:INFO:Checking exceptions
2025-08-14 01:02:01,405:INFO:Importing libraries
2025-08-14 01:02:01,405:INFO:Copying training dataset
2025-08-14 01:02:01,416:INFO:Defining folds
2025-08-14 01:02:01,416:INFO:Declaring metric variables
2025-08-14 01:02:01,416:INFO:Importing untrained model
2025-08-14 01:02:01,416:INFO:SVM - Linear Kernel Imported successfully
2025-08-14 01:02:01,416:INFO:Starting cross validation
2025-08-14 01:02:01,416:INFO:Cross validating with StratifiedKFold(n_splits=10, random_state=None, shuffle=False), n_jobs=-1
2025-08-14 01:02:01,907:INFO:Calculating mean and std
2025-08-14 01:02:01,907:INFO:Creating metrics dataframe
2025-08-14 01:02:01,907:INFO:Uploading results into container
2025-08-14 01:02:01,907:INFO:Uploading model into container now
2025-08-14 01:02:01,907:INFO:_master_model_container: 5
2025-08-14 01:02:01,907:INFO:_display_container: 2
2025-08-14 01:02:01,907:INFO:SGDClassifier(alpha=0.0001, average=False, class_weight=None,
              early_stopping=False, epsilon=0.1, eta0=0.001, fit_intercept=True,
              l1_ratio=0.15, learning_rate='optimal', loss='hinge',
              max_iter=1000, n_iter_no_change=5, n_jobs=-1, penalty='l2',
              power_t=0.5, random_state=123, shuffle=True, tol=0.001,
              validation_fraction=0.1, verbose=0, warm_start=False)
2025-08-14 01:02:01,907:INFO:create_model() successfully completed......................................
2025-08-14 01:02:02,043:INFO:SubProcess create_model() end ==================================
2025-08-14 01:02:02,043:INFO:Creating metrics dataframe
2025-08-14 01:02:02,045:INFO:Initializing Ridge Classifier
2025-08-14 01:02:02,045:INFO:Total runtime is 0.42218674421310426 minutes
2025-08-14 01:02:02,045:INFO:SubProcess create_model() called ==================================
2025-08-14 01:02:02,045:INFO:Initializing create_model()
2025-08-14 01:02:02,045:INFO:create_model(self=<pycaret.classification.oop.ClassificationExperiment object at 0x000001B86067D930>, estimator=ridge, fold=StratifiedKFold(n_splits=10, random_state=None, shuffle=False), round=4, cross_validation=True, predict=True, fit_kwargs={}, groups=None, refit=False, probability_threshold=None, experiment_custom_tags=None, verbose=False, system=False, add_to_model_list=True, metrics=None, display=<pycaret.internal.display.display.CommonDisplay object at 0x000001B8691C7A00>, model_only=True, return_train_score=False, error_score=0.0, kwargs={})
2025-08-14 01:02:02,045:INFO:Checking exceptions
2025-08-14 01:02:02,045:INFO:Importing libraries
2025-08-14 01:02:02,045:INFO:Copying training dataset
2025-08-14 01:02:02,058:INFO:Defining folds
2025-08-14 01:02:02,058:INFO:Declaring metric variables
2025-08-14 01:02:02,058:INFO:Importing untrained model
2025-08-14 01:02:02,059:INFO:Ridge Classifier Imported successfully
2025-08-14 01:02:02,059:INFO:Starting cross validation
2025-08-14 01:02:02,059:INFO:Cross validating with StratifiedKFold(n_splits=10, random_state=None, shuffle=False), n_jobs=-1
2025-08-14 01:02:02,547:INFO:Calculating mean and std
2025-08-14 01:02:02,548:INFO:Creating metrics dataframe
2025-08-14 01:02:02,551:INFO:Uploading results into container
2025-08-14 01:02:02,551:INFO:Uploading model into container now
2025-08-14 01:02:02,552:INFO:_master_model_container: 6
2025-08-14 01:02:02,552:INFO:_display_container: 2
2025-08-14 01:02:02,552:INFO:RidgeClassifier(alpha=1.0, class_weight=None, copy_X=True, fit_intercept=True,
                max_iter=None, positive=False, random_state=123, solver='auto',
                tol=0.0001)
2025-08-14 01:02:02,552:INFO:create_model() successfully completed......................................
2025-08-14 01:02:02,678:INFO:SubProcess create_model() end ==================================
2025-08-14 01:02:02,678:INFO:Creating metrics dataframe
2025-08-14 01:02:02,678:INFO:Initializing Random Forest Classifier
2025-08-14 01:02:02,678:INFO:Total runtime is 0.43274043401082357 minutes
2025-08-14 01:02:02,678:INFO:SubProcess create_model() called ==================================
2025-08-14 01:02:02,678:INFO:Initializing create_model()
2025-08-14 01:02:02,678:INFO:create_model(self=<pycaret.classification.oop.ClassificationExperiment object at 0x000001B86067D930>, estimator=rf, fold=StratifiedKFold(n_splits=10, random_state=None, shuffle=False), round=4, cross_validation=True, predict=True, fit_kwargs={}, groups=None, refit=False, probability_threshold=None, experiment_custom_tags=None, verbose=False, system=False, add_to_model_list=True, metrics=None, display=<pycaret.internal.display.display.CommonDisplay object at 0x000001B8691C7A00>, model_only=True, return_train_score=False, error_score=0.0, kwargs={})
2025-08-14 01:02:02,678:INFO:Checking exceptions
2025-08-14 01:02:02,678:INFO:Importing libraries
2025-08-14 01:02:02,678:INFO:Copying training dataset
2025-08-14 01:02:02,694:INFO:Defining folds
2025-08-14 01:02:02,694:INFO:Declaring metric variables
2025-08-14 01:02:02,694:INFO:Importing untrained model
2025-08-14 01:02:02,694:INFO:Random Forest Classifier Imported successfully
2025-08-14 01:02:02,694:INFO:Starting cross validation
2025-08-14 01:02:02,694:INFO:Cross validating with StratifiedKFold(n_splits=10, random_state=None, shuffle=False), n_jobs=-1
2025-08-14 01:02:21,828:INFO:Calculating mean and std
2025-08-14 01:02:21,830:INFO:Creating metrics dataframe
2025-08-14 01:02:21,832:INFO:Uploading results into container
2025-08-14 01:02:21,834:INFO:Uploading model into container now
2025-08-14 01:02:21,834:INFO:_master_model_container: 7
2025-08-14 01:02:21,834:INFO:_display_container: 2
2025-08-14 01:02:21,836:INFO:RandomForestClassifier(bootstrap=True, ccp_alpha=0.0, class_weight=None,
                       criterion='gini', max_depth=None, max_features='sqrt',
                       max_leaf_nodes=None, max_samples=None,
                       min_impurity_decrease=0.0, min_samples_leaf=1,
                       min_samples_split=2, min_weight_fraction_leaf=0.0,
                       monotonic_cst=None, n_estimators=100, n_jobs=-1,
                       oob_score=False, random_state=123, verbose=0,
                       warm_start=False)
2025-08-14 01:02:21,836:INFO:create_model() successfully completed......................................
2025-08-14 01:02:22,034:INFO:SubProcess create_model() end ==================================
2025-08-14 01:02:22,034:INFO:Creating metrics dataframe
2025-08-14 01:02:22,036:INFO:Initializing Quadratic Discriminant Analysis
2025-08-14 01:02:22,036:INFO:Total runtime is 0.7553699334462484 minutes
2025-08-14 01:02:22,036:INFO:SubProcess create_model() called ==================================
2025-08-14 01:02:22,036:INFO:Initializing create_model()
2025-08-14 01:02:22,036:INFO:create_model(self=<pycaret.classification.oop.ClassificationExperiment object at 0x000001B86067D930>, estimator=qda, fold=StratifiedKFold(n_splits=10, random_state=None, shuffle=False), round=4, cross_validation=True, predict=True, fit_kwargs={}, groups=None, refit=False, probability_threshold=None, experiment_custom_tags=None, verbose=False, system=False, add_to_model_list=True, metrics=None, display=<pycaret.internal.display.display.CommonDisplay object at 0x000001B8691C7A00>, model_only=True, return_train_score=False, error_score=0.0, kwargs={})
2025-08-14 01:02:22,036:INFO:Checking exceptions
2025-08-14 01:02:22,036:INFO:Importing libraries
2025-08-14 01:02:22,036:INFO:Copying training dataset
2025-08-14 01:02:22,039:INFO:Defining folds
2025-08-14 01:02:22,039:INFO:Declaring metric variables
2025-08-14 01:02:22,039:INFO:Importing untrained model
2025-08-14 01:02:22,039:INFO:Quadratic Discriminant Analysis Imported successfully
2025-08-14 01:02:22,039:INFO:Starting cross validation
2025-08-14 01:02:22,055:INFO:Cross validating with StratifiedKFold(n_splits=10, random_state=None, shuffle=False), n_jobs=-1
2025-08-14 01:02:22,443:INFO:Calculating mean and std
2025-08-14 01:02:22,446:INFO:Creating metrics dataframe
2025-08-14 01:02:22,448:INFO:Uploading results into container
2025-08-14 01:02:22,448:INFO:Uploading model into container now
2025-08-14 01:02:22,448:INFO:_master_model_container: 8
2025-08-14 01:02:22,448:INFO:_display_container: 2
2025-08-14 01:02:22,448:INFO:QuadraticDiscriminantAnalysis(priors=None, reg_param=0.0,
                              store_covariance=False, tol=0.0001)
2025-08-14 01:02:22,448:INFO:create_model() successfully completed......................................
2025-08-14 01:02:22,593:INFO:SubProcess create_model() end ==================================
2025-08-14 01:02:22,593:INFO:Creating metrics dataframe
2025-08-14 01:02:22,593:INFO:Initializing Ada Boost Classifier
2025-08-14 01:02:22,593:INFO:Total runtime is 0.764655323823293 minutes
2025-08-14 01:02:22,593:INFO:SubProcess create_model() called ==================================
2025-08-14 01:02:22,593:INFO:Initializing create_model()
2025-08-14 01:02:22,593:INFO:create_model(self=<pycaret.classification.oop.ClassificationExperiment object at 0x000001B86067D930>, estimator=ada, fold=StratifiedKFold(n_splits=10, random_state=None, shuffle=False), round=4, cross_validation=True, predict=True, fit_kwargs={}, groups=None, refit=False, probability_threshold=None, experiment_custom_tags=None, verbose=False, system=False, add_to_model_list=True, metrics=None, display=<pycaret.internal.display.display.CommonDisplay object at 0x000001B8691C7A00>, model_only=True, return_train_score=False, error_score=0.0, kwargs={})
2025-08-14 01:02:22,593:INFO:Checking exceptions
2025-08-14 01:02:22,593:INFO:Importing libraries
2025-08-14 01:02:22,593:INFO:Copying training dataset
2025-08-14 01:02:22,610:INFO:Defining folds
2025-08-14 01:02:22,610:INFO:Declaring metric variables
2025-08-14 01:02:22,610:INFO:Importing untrained model
2025-08-14 01:02:22,610:INFO:Ada Boost Classifier Imported successfully
2025-08-14 01:02:22,610:INFO:Starting cross validation
2025-08-14 01:02:22,610:INFO:Cross validating with StratifiedKFold(n_splits=10, random_state=None, shuffle=False), n_jobs=-1
2025-08-14 01:02:22,772:WARNING:D:\Python\lib\site-packages\sklearn\ensemble\_weight_boosting.py:519: FutureWarning: The SAMME.R algorithm (the default) is deprecated and will be removed in 1.6. Use the SAMME algorithm to circumvent this warning.
  warnings.warn(

2025-08-14 01:02:22,772:WARNING:D:\Python\lib\site-packages\sklearn\ensemble\_weight_boosting.py:519: FutureWarning: The SAMME.R algorithm (the default) is deprecated and will be removed in 1.6. Use the SAMME algorithm to circumvent this warning.
  warnings.warn(

2025-08-14 01:02:22,774:WARNING:D:\Python\lib\site-packages\sklearn\ensemble\_weight_boosting.py:519: FutureWarning: The SAMME.R algorithm (the default) is deprecated and will be removed in 1.6. Use the SAMME algorithm to circumvent this warning.
  warnings.warn(

2025-08-14 01:02:22,781:WARNING:D:\Python\lib\site-packages\sklearn\ensemble\_weight_boosting.py:519: FutureWarning: The SAMME.R algorithm (the default) is deprecated and will be removed in 1.6. Use the SAMME algorithm to circumvent this warning.
  warnings.warn(

2025-08-14 01:02:22,781:WARNING:D:\Python\lib\site-packages\sklearn\ensemble\_weight_boosting.py:519: FutureWarning: The SAMME.R algorithm (the default) is deprecated and will be removed in 1.6. Use the SAMME algorithm to circumvent this warning.
  warnings.warn(

2025-08-14 01:02:22,795:WARNING:D:\Python\lib\site-packages\sklearn\ensemble\_weight_boosting.py:519: FutureWarning: The SAMME.R algorithm (the default) is deprecated and will be removed in 1.6. Use the SAMME algorithm to circumvent this warning.
  warnings.warn(

2025-08-14 01:02:22,795:WARNING:D:\Python\lib\site-packages\sklearn\ensemble\_weight_boosting.py:519: FutureWarning: The SAMME.R algorithm (the default) is deprecated and will be removed in 1.6. Use the SAMME algorithm to circumvent this warning.
  warnings.warn(

2025-08-14 01:02:25,456:WARNING:D:\Python\lib\site-packages\sklearn\ensemble\_weight_boosting.py:519: FutureWarning: The SAMME.R algorithm (the default) is deprecated and will be removed in 1.6. Use the SAMME algorithm to circumvent this warning.
  warnings.warn(

2025-08-14 01:02:25,482:WARNING:D:\Python\lib\site-packages\sklearn\ensemble\_weight_boosting.py:519: FutureWarning: The SAMME.R algorithm (the default) is deprecated and will be removed in 1.6. Use the SAMME algorithm to circumvent this warning.
  warnings.warn(

2025-08-14 01:02:27,159:INFO:Calculating mean and std
2025-08-14 01:02:27,160:INFO:Creating metrics dataframe
2025-08-14 01:02:27,161:INFO:Uploading results into container
2025-08-14 01:02:27,162:INFO:Uploading model into container now
2025-08-14 01:02:27,162:INFO:_master_model_container: 9
2025-08-14 01:02:27,162:INFO:_display_container: 2
2025-08-14 01:02:27,162:INFO:AdaBoostClassifier(algorithm='SAMME.R', estimator=None, learning_rate=1.0,
                   n_estimators=50, random_state=123)
2025-08-14 01:02:27,162:INFO:create_model() successfully completed......................................
2025-08-14 01:02:27,308:INFO:SubProcess create_model() end ==================================
2025-08-14 01:02:27,308:INFO:Creating metrics dataframe
2025-08-14 01:02:27,308:INFO:Initializing Gradient Boosting Classifier
2025-08-14 01:02:27,308:INFO:Total runtime is 0.8432353814442952 minutes
2025-08-14 01:02:27,308:INFO:SubProcess create_model() called ==================================
2025-08-14 01:02:27,308:INFO:Initializing create_model()
2025-08-14 01:02:27,308:INFO:create_model(self=<pycaret.classification.oop.ClassificationExperiment object at 0x000001B86067D930>, estimator=gbc, fold=StratifiedKFold(n_splits=10, random_state=None, shuffle=False), round=4, cross_validation=True, predict=True, fit_kwargs={}, groups=None, refit=False, probability_threshold=None, experiment_custom_tags=None, verbose=False, system=False, add_to_model_list=True, metrics=None, display=<pycaret.internal.display.display.CommonDisplay object at 0x000001B8691C7A00>, model_only=True, return_train_score=False, error_score=0.0, kwargs={})
2025-08-14 01:02:27,308:INFO:Checking exceptions
2025-08-14 01:02:27,308:INFO:Importing libraries
2025-08-14 01:02:27,308:INFO:Copying training dataset
2025-08-14 01:02:27,324:INFO:Defining folds
2025-08-14 01:02:27,324:INFO:Declaring metric variables
2025-08-14 01:02:27,324:INFO:Importing untrained model
2025-08-14 01:02:27,324:INFO:Gradient Boosting Classifier Imported successfully
2025-08-14 01:02:27,324:INFO:Starting cross validation
2025-08-14 01:02:27,324:INFO:Cross validating with StratifiedKFold(n_splits=10, random_state=None, shuffle=False), n_jobs=-1
2025-08-14 01:02:43,205:INFO:Calculating mean and std
2025-08-14 01:02:43,205:INFO:Creating metrics dataframe
2025-08-14 01:02:43,205:INFO:Uploading results into container
2025-08-14 01:02:43,205:INFO:Uploading model into container now
2025-08-14 01:02:43,205:INFO:_master_model_container: 10
2025-08-14 01:02:43,205:INFO:_display_container: 2
2025-08-14 01:02:43,205:INFO:GradientBoostingClassifier(ccp_alpha=0.0, criterion='friedman_mse', init=None,
                           learning_rate=0.1, loss='log_loss', max_depth=3,
                           max_features=None, max_leaf_nodes=None,
                           min_impurity_decrease=0.0, min_samples_leaf=1,
                           min_samples_split=2, min_weight_fraction_leaf=0.0,
                           n_estimators=100, n_iter_no_change=None,
                           random_state=123, subsample=1.0, tol=0.0001,
                           validation_fraction=0.1, verbose=0,
                           warm_start=False)
2025-08-14 01:02:43,205:INFO:create_model() successfully completed......................................
2025-08-14 01:02:43,343:INFO:SubProcess create_model() end ==================================
2025-08-14 01:02:43,343:INFO:Creating metrics dataframe
2025-08-14 01:02:43,343:INFO:Initializing Linear Discriminant Analysis
2025-08-14 01:02:43,343:INFO:Total runtime is 1.1104807098706564 minutes
2025-08-14 01:02:43,343:INFO:SubProcess create_model() called ==================================
2025-08-14 01:02:43,343:INFO:Initializing create_model()
2025-08-14 01:02:43,343:INFO:create_model(self=<pycaret.classification.oop.ClassificationExperiment object at 0x000001B86067D930>, estimator=lda, fold=StratifiedKFold(n_splits=10, random_state=None, shuffle=False), round=4, cross_validation=True, predict=True, fit_kwargs={}, groups=None, refit=False, probability_threshold=None, experiment_custom_tags=None, verbose=False, system=False, add_to_model_list=True, metrics=None, display=<pycaret.internal.display.display.CommonDisplay object at 0x000001B8691C7A00>, model_only=True, return_train_score=False, error_score=0.0, kwargs={})
2025-08-14 01:02:43,343:INFO:Checking exceptions
2025-08-14 01:02:43,343:INFO:Importing libraries
2025-08-14 01:02:43,343:INFO:Copying training dataset
2025-08-14 01:02:43,343:INFO:Defining folds
2025-08-14 01:02:43,343:INFO:Declaring metric variables
2025-08-14 01:02:43,343:INFO:Importing untrained model
2025-08-14 01:02:43,343:INFO:Linear Discriminant Analysis Imported successfully
2025-08-14 01:02:43,359:INFO:Starting cross validation
2025-08-14 01:02:43,359:INFO:Cross validating with StratifiedKFold(n_splits=10, random_state=None, shuffle=False), n_jobs=-1
2025-08-14 01:02:43,705:INFO:Calculating mean and std
2025-08-14 01:02:43,705:INFO:Creating metrics dataframe
2025-08-14 01:02:43,706:INFO:Uploading results into container
2025-08-14 01:02:43,708:INFO:Uploading model into container now
2025-08-14 01:02:43,708:INFO:_master_model_container: 11
2025-08-14 01:02:43,708:INFO:_display_container: 2
2025-08-14 01:02:43,708:INFO:LinearDiscriminantAnalysis(covariance_estimator=None, n_components=None,
                           priors=None, shrinkage=None, solver='svd',
                           store_covariance=False, tol=0.0001)
2025-08-14 01:02:43,708:INFO:create_model() successfully completed......................................
2025-08-14 01:02:43,858:INFO:SubProcess create_model() end ==================================
2025-08-14 01:02:43,858:INFO:Creating metrics dataframe
2025-08-14 01:02:43,858:INFO:Initializing Extra Trees Classifier
2025-08-14 01:02:43,858:INFO:Total runtime is 1.1190672437349956 minutes
2025-08-14 01:02:43,858:INFO:SubProcess create_model() called ==================================
2025-08-14 01:02:43,858:INFO:Initializing create_model()
2025-08-14 01:02:43,858:INFO:create_model(self=<pycaret.classification.oop.ClassificationExperiment object at 0x000001B86067D930>, estimator=et, fold=StratifiedKFold(n_splits=10, random_state=None, shuffle=False), round=4, cross_validation=True, predict=True, fit_kwargs={}, groups=None, refit=False, probability_threshold=None, experiment_custom_tags=None, verbose=False, system=False, add_to_model_list=True, metrics=None, display=<pycaret.internal.display.display.CommonDisplay object at 0x000001B8691C7A00>, model_only=True, return_train_score=False, error_score=0.0, kwargs={})
2025-08-14 01:02:43,858:INFO:Checking exceptions
2025-08-14 01:02:43,858:INFO:Importing libraries
2025-08-14 01:02:43,858:INFO:Copying training dataset
2025-08-14 01:02:43,858:INFO:Defining folds
2025-08-14 01:02:43,874:INFO:Declaring metric variables
2025-08-14 01:02:43,874:INFO:Importing untrained model
2025-08-14 01:02:43,874:INFO:Extra Trees Classifier Imported successfully
2025-08-14 01:02:43,874:INFO:Starting cross validation
2025-08-14 01:02:43,874:INFO:Cross validating with StratifiedKFold(n_splits=10, random_state=None, shuffle=False), n_jobs=-1
2025-08-14 01:02:53,272:INFO:Calculating mean and std
2025-08-14 01:02:53,273:INFO:Creating metrics dataframe
2025-08-14 01:02:53,279:INFO:Uploading results into container
2025-08-14 01:02:53,281:INFO:Uploading model into container now
2025-08-14 01:02:53,282:INFO:_master_model_container: 12
2025-08-14 01:02:53,283:INFO:_display_container: 2
2025-08-14 01:02:53,285:INFO:ExtraTreesClassifier(bootstrap=False, ccp_alpha=0.0, class_weight=None,
                     criterion='gini', max_depth=None, max_features='sqrt',
                     max_leaf_nodes=None, max_samples=None,
                     min_impurity_decrease=0.0, min_samples_leaf=1,
                     min_samples_split=2, min_weight_fraction_leaf=0.0,
                     monotonic_cst=None, n_estimators=100, n_jobs=-1,
                     oob_score=False, random_state=123, verbose=0,
                     warm_start=False)
2025-08-14 01:02:53,285:INFO:create_model() successfully completed......................................
2025-08-14 01:02:53,580:INFO:SubProcess create_model() end ==================================
2025-08-14 01:02:53,580:INFO:Creating metrics dataframe
2025-08-14 01:02:53,580:INFO:Initializing Extreme Gradient Boosting
2025-08-14 01:02:53,580:INFO:Total runtime is 1.2810990452766418 minutes
2025-08-14 01:02:53,580:INFO:SubProcess create_model() called ==================================
2025-08-14 01:02:53,580:INFO:Initializing create_model()
2025-08-14 01:02:53,580:INFO:create_model(self=<pycaret.classification.oop.ClassificationExperiment object at 0x000001B86067D930>, estimator=xgboost, fold=StratifiedKFold(n_splits=10, random_state=None, shuffle=False), round=4, cross_validation=True, predict=True, fit_kwargs={}, groups=None, refit=False, probability_threshold=None, experiment_custom_tags=None, verbose=False, system=False, add_to_model_list=True, metrics=None, display=<pycaret.internal.display.display.CommonDisplay object at 0x000001B8691C7A00>, model_only=True, return_train_score=False, error_score=0.0, kwargs={})
2025-08-14 01:02:53,580:INFO:Checking exceptions
2025-08-14 01:02:53,580:INFO:Importing libraries
2025-08-14 01:02:53,580:INFO:Copying training dataset
2025-08-14 01:02:53,603:INFO:Defining folds
2025-08-14 01:02:53,603:INFO:Declaring metric variables
2025-08-14 01:02:53,603:INFO:Importing untrained model
2025-08-14 01:02:53,626:INFO:Extreme Gradient Boosting Imported successfully
2025-08-14 01:02:53,626:INFO:Starting cross validation
2025-08-14 01:02:53,626:INFO:Cross validating with StratifiedKFold(n_splits=10, random_state=None, shuffle=False), n_jobs=-1
2025-08-14 01:02:55,975:INFO:Calculating mean and std
2025-08-14 01:02:55,975:INFO:Creating metrics dataframe
2025-08-14 01:02:55,975:INFO:Uploading results into container
2025-08-14 01:02:55,975:INFO:Uploading model into container now
2025-08-14 01:02:55,975:INFO:_master_model_container: 13
2025-08-14 01:02:55,975:INFO:_display_container: 2
2025-08-14 01:02:55,975:INFO:XGBClassifier(base_score=None, booster='gbtree', callbacks=None,
              colsample_bylevel=None, colsample_bynode=None,
              colsample_bytree=None, device='cpu', early_stopping_rounds=None,
              enable_categorical=False, eval_metric=None, feature_types=None,
              feature_weights=None, gamma=None, grow_policy=None,
              importance_type=None, interaction_constraints=None,
              learning_rate=None, max_bin=None, max_cat_threshold=None,
              max_cat_to_onehot=None, max_delta_step=None, max_depth=None,
              max_leaves=None, min_child_weight=None, missing=nan,
              monotone_constraints=None, multi_strategy=None, n_estimators=None,
              n_jobs=-1, num_parallel_tree=None, ...)
2025-08-14 01:02:55,975:INFO:create_model() successfully completed......................................
2025-08-14 01:02:56,115:INFO:SubProcess create_model() end ==================================
2025-08-14 01:02:56,115:INFO:Creating metrics dataframe
2025-08-14 01:02:56,115:INFO:Initializing Light Gradient Boosting Machine
2025-08-14 01:02:56,115:INFO:Total runtime is 1.3233569780985512 minutes
2025-08-14 01:02:56,115:INFO:SubProcess create_model() called ==================================
2025-08-14 01:02:56,115:INFO:Initializing create_model()
2025-08-14 01:02:56,115:INFO:create_model(self=<pycaret.classification.oop.ClassificationExperiment object at 0x000001B86067D930>, estimator=lightgbm, fold=StratifiedKFold(n_splits=10, random_state=None, shuffle=False), round=4, cross_validation=True, predict=True, fit_kwargs={}, groups=None, refit=False, probability_threshold=None, experiment_custom_tags=None, verbose=False, system=False, add_to_model_list=True, metrics=None, display=<pycaret.internal.display.display.CommonDisplay object at 0x000001B8691C7A00>, model_only=True, return_train_score=False, error_score=0.0, kwargs={})
2025-08-14 01:02:56,115:INFO:Checking exceptions
2025-08-14 01:02:56,115:INFO:Importing libraries
2025-08-14 01:02:56,115:INFO:Copying training dataset
2025-08-14 01:02:56,131:INFO:Defining folds
2025-08-14 01:02:56,131:INFO:Declaring metric variables
2025-08-14 01:02:56,131:INFO:Importing untrained model
2025-08-14 01:02:56,131:INFO:Light Gradient Boosting Machine Imported successfully
2025-08-14 01:02:56,131:INFO:Starting cross validation
2025-08-14 01:02:56,131:INFO:Cross validating with StratifiedKFold(n_splits=10, random_state=None, shuffle=False), n_jobs=-1
2025-08-14 01:02:57,992:INFO:Calculating mean and std
2025-08-14 01:02:57,992:INFO:Creating metrics dataframe
2025-08-14 01:02:57,996:INFO:Uploading results into container
2025-08-14 01:02:57,996:INFO:Uploading model into container now
2025-08-14 01:02:57,996:INFO:_master_model_container: 14
2025-08-14 01:02:57,996:INFO:_display_container: 2
2025-08-14 01:02:57,998:INFO:LGBMClassifier(boosting_type='gbdt', class_weight=None, colsample_bytree=1.0,
               importance_type='split', learning_rate=0.1, max_depth=-1,
               min_child_samples=20, min_child_weight=0.001, min_split_gain=0.0,
               n_estimators=100, n_jobs=-1, num_leaves=31, objective=None,
               random_state=123, reg_alpha=0.0, reg_lambda=0.0, subsample=1.0,
               subsample_for_bin=200000, subsample_freq=0)
2025-08-14 01:02:57,998:INFO:create_model() successfully completed......................................
2025-08-14 01:02:58,166:INFO:SubProcess create_model() end ==================================
2025-08-14 01:02:58,166:INFO:Creating metrics dataframe
2025-08-14 01:02:58,166:INFO:Initializing CatBoost Classifier
2025-08-14 01:02:58,166:INFO:Total runtime is 1.3575277407964068 minutes
2025-08-14 01:02:58,166:INFO:SubProcess create_model() called ==================================
2025-08-14 01:02:58,166:INFO:Initializing create_model()
2025-08-14 01:02:58,166:INFO:create_model(self=<pycaret.classification.oop.ClassificationExperiment object at 0x000001B86067D930>, estimator=catboost, fold=StratifiedKFold(n_splits=10, random_state=None, shuffle=False), round=4, cross_validation=True, predict=True, fit_kwargs={}, groups=None, refit=False, probability_threshold=None, experiment_custom_tags=None, verbose=False, system=False, add_to_model_list=True, metrics=None, display=<pycaret.internal.display.display.CommonDisplay object at 0x000001B8691C7A00>, model_only=True, return_train_score=False, error_score=0.0, kwargs={})
2025-08-14 01:02:58,166:INFO:Checking exceptions
2025-08-14 01:02:58,166:INFO:Importing libraries
2025-08-14 01:02:58,166:INFO:Copying training dataset
2025-08-14 01:02:58,182:INFO:Defining folds
2025-08-14 01:02:58,182:INFO:Declaring metric variables
2025-08-14 01:02:58,182:INFO:Importing untrained model
2025-08-14 01:02:58,332:INFO:CatBoost Classifier Imported successfully
2025-08-14 01:02:58,347:INFO:Starting cross validation
2025-08-14 01:02:58,349:INFO:Cross validating with StratifiedKFold(n_splits=10, random_state=None, shuffle=False), n_jobs=-1
2025-08-14 01:04:21,935:INFO:Calculating mean and std
2025-08-14 01:04:21,935:INFO:Creating metrics dataframe
2025-08-14 01:04:21,935:INFO:Uploading results into container
2025-08-14 01:04:21,935:INFO:Uploading model into container now
2025-08-14 01:04:21,935:INFO:_master_model_container: 15
2025-08-14 01:04:21,935:INFO:_display_container: 2
2025-08-14 01:04:21,935:INFO:<catboost.core.CatBoostClassifier object at 0x000001B8691C4460>
2025-08-14 01:04:21,935:INFO:create_model() successfully completed......................................
2025-08-14 01:04:22,103:INFO:SubProcess create_model() end ==================================
2025-08-14 01:04:22,103:INFO:Creating metrics dataframe
2025-08-14 01:04:22,108:INFO:Initializing Dummy Classifier
2025-08-14 01:04:22,110:INFO:Total runtime is 2.7565991957982376 minutes
2025-08-14 01:04:22,110:INFO:SubProcess create_model() called ==================================
2025-08-14 01:04:22,110:INFO:Initializing create_model()
2025-08-14 01:04:22,110:INFO:create_model(self=<pycaret.classification.oop.ClassificationExperiment object at 0x000001B86067D930>, estimator=dummy, fold=StratifiedKFold(n_splits=10, random_state=None, shuffle=False), round=4, cross_validation=True, predict=True, fit_kwargs={}, groups=None, refit=False, probability_threshold=None, experiment_custom_tags=None, verbose=False, system=False, add_to_model_list=True, metrics=None, display=<pycaret.internal.display.display.CommonDisplay object at 0x000001B8691C7A00>, model_only=True, return_train_score=False, error_score=0.0, kwargs={})
2025-08-14 01:04:22,110:INFO:Checking exceptions
2025-08-14 01:04:22,110:INFO:Importing libraries
2025-08-14 01:04:22,110:INFO:Copying training dataset
2025-08-14 01:04:22,122:INFO:Defining folds
2025-08-14 01:04:22,122:INFO:Declaring metric variables
2025-08-14 01:04:22,122:INFO:Importing untrained model
2025-08-14 01:04:22,122:INFO:Dummy Classifier Imported successfully
2025-08-14 01:04:22,122:INFO:Starting cross validation
2025-08-14 01:04:22,122:INFO:Cross validating with StratifiedKFold(n_splits=10, random_state=None, shuffle=False), n_jobs=-1
2025-08-14 01:04:22,418:INFO:Calculating mean and std
2025-08-14 01:04:22,418:INFO:Creating metrics dataframe
2025-08-14 01:04:22,418:INFO:Uploading results into container
2025-08-14 01:04:22,418:INFO:Uploading model into container now
2025-08-14 01:04:22,418:INFO:_master_model_container: 16
2025-08-14 01:04:22,418:INFO:_display_container: 2
2025-08-14 01:04:22,418:INFO:DummyClassifier(constant=None, random_state=123, strategy='prior')
2025-08-14 01:04:22,418:INFO:create_model() successfully completed......................................
2025-08-14 01:04:22,595:INFO:SubProcess create_model() end ==================================
2025-08-14 01:04:22,599:INFO:Creating metrics dataframe
2025-08-14 01:04:22,708:WARNING:D:\Python\lib\site-packages\pycaret\internal\pycaret_experiment\supervised_experiment.py:323: FutureWarning: Styler.applymap has been deprecated. Use Styler.map instead.

2025-08-14 01:04:22,708:INFO:Initializing create_model()
2025-08-14 01:04:22,708:INFO:create_model(self=<pycaret.classification.oop.ClassificationExperiment object at 0x000001B86067D930>, estimator=QuadraticDiscriminantAnalysis(priors=None, reg_param=0.0,
                              store_covariance=False, tol=0.0001), fold=StratifiedKFold(n_splits=10, random_state=None, shuffle=False), round=4, cross_validation=False, predict=False, fit_kwargs={}, groups=None, refit=True, probability_threshold=None, experiment_custom_tags=None, verbose=False, system=False, add_to_model_list=True, metrics=None, display=None, model_only=True, return_train_score=False, error_score=0.0, kwargs={})
2025-08-14 01:04:22,708:INFO:Checking exceptions
2025-08-14 01:04:22,758:INFO:Importing libraries
2025-08-14 01:04:22,759:INFO:Copying training dataset
2025-08-14 01:04:22,779:INFO:Defining folds
2025-08-14 01:04:22,779:INFO:Declaring metric variables
2025-08-14 01:04:22,780:INFO:Importing untrained model
2025-08-14 01:04:22,780:INFO:Declaring custom model
2025-08-14 01:04:22,780:INFO:Quadratic Discriminant Analysis Imported successfully
2025-08-14 01:04:22,780:INFO:Cross validation set to False
2025-08-14 01:04:22,780:INFO:Fitting Model
2025-08-14 01:04:22,855:INFO:QuadraticDiscriminantAnalysis(priors=None, reg_param=0.0,
                              store_covariance=False, tol=0.0001)
2025-08-14 01:04:22,855:INFO:create_model() successfully completed......................................
2025-08-14 01:04:23,046:INFO:_master_model_container: 16
2025-08-14 01:04:23,046:INFO:_display_container: 2
2025-08-14 01:04:23,046:INFO:QuadraticDiscriminantAnalysis(priors=None, reg_param=0.0,
                              store_covariance=False, tol=0.0001)
2025-08-14 01:04:23,046:INFO:compare_models() successfully completed......................................
2025-08-14 01:04:23,046:INFO:Initializing finalize_model()
2025-08-14 01:04:23,046:INFO:finalize_model(self=<pycaret.classification.oop.ClassificationExperiment object at 0x000001B86067D930>, estimator=QuadraticDiscriminantAnalysis(priors=None, reg_param=0.0,
                              store_covariance=False, tol=0.0001), fit_kwargs=None, groups=None, model_only=False, experiment_custom_tags=None)
2025-08-14 01:04:23,046:INFO:Finalizing QuadraticDiscriminantAnalysis(priors=None, reg_param=0.0,
                              store_covariance=False, tol=0.0001)
2025-08-14 01:04:23,056:INFO:Initializing create_model()
2025-08-14 01:04:23,056:INFO:create_model(self=<pycaret.classification.oop.ClassificationExperiment object at 0x000001B86067D930>, estimator=QuadraticDiscriminantAnalysis(priors=None, reg_param=0.0,
                              store_covariance=False, tol=0.0001), fold=None, round=4, cross_validation=False, predict=False, fit_kwargs={}, groups=None, refit=True, probability_threshold=None, experiment_custom_tags=None, verbose=False, system=False, add_to_model_list=False, metrics=None, display=None, model_only=False, return_train_score=False, error_score=0.0, kwargs={})
2025-08-14 01:04:23,056:INFO:Checking exceptions
2025-08-14 01:04:23,056:INFO:Importing libraries
2025-08-14 01:04:23,056:INFO:Copying training dataset
2025-08-14 01:04:23,059:INFO:Defining folds
2025-08-14 01:04:23,059:INFO:Declaring metric variables
2025-08-14 01:04:23,060:INFO:Importing untrained model
2025-08-14 01:04:23,060:INFO:Declaring custom model
2025-08-14 01:04:23,060:INFO:Quadratic Discriminant Analysis Imported successfully
2025-08-14 01:04:23,062:INFO:Cross validation set to False
2025-08-14 01:04:23,062:INFO:Fitting Model
2025-08-14 01:04:23,116:INFO:Pipeline(memory=Memory(location=None),
         steps=[('numerical_imputer',
                 TransformerWrapper(exclude=None,
                                    include=['Credit_Score', 'Annual_Income',
                                             'Loan_Amount_Requested',
                                             'Existing_Loans', 'Loan_Term',
                                             'Outstanding_Debt',
                                             'Monthly_Expenses'],
                                    transformer=SimpleImputer(add_indicator=False,
                                                              copy=True,
                                                              fill_value=None,
                                                              keep_empty_features=False,
                                                              missing_values=nan,
                                                              str...
                                                              copy=True,
                                                              fill_value=None,
                                                              keep_empty_features=False,
                                                              missing_values=nan,
                                                              strategy='most_frequent'))),
                ('normalize',
                 TransformerWrapper(exclude=None, include=None,
                                    transformer=StandardScaler(copy=True,
                                                               with_mean=True,
                                                               with_std=True))),
                ('actual_estimator',
                 QuadraticDiscriminantAnalysis(priors=None, reg_param=0.0,
                                               store_covariance=False,
                                               tol=0.0001))],
         verbose=False)
2025-08-14 01:04:23,116:INFO:create_model() successfully completed......................................
2025-08-14 01:04:23,266:INFO:_master_model_container: 16
2025-08-14 01:04:23,266:INFO:_display_container: 2
2025-08-14 01:04:23,272:INFO:Pipeline(memory=Memory(location=None),
         steps=[('numerical_imputer',
                 TransformerWrapper(exclude=None,
                                    include=['Credit_Score', 'Annual_Income',
                                             'Loan_Amount_Requested',
                                             'Existing_Loans', 'Loan_Term',
                                             'Outstanding_Debt',
                                             'Monthly_Expenses'],
                                    transformer=SimpleImputer(add_indicator=False,
                                                              copy=True,
                                                              fill_value=None,
                                                              keep_empty_features=False,
                                                              missing_values=nan,
                                                              str...
                                                              copy=True,
                                                              fill_value=None,
                                                              keep_empty_features=False,
                                                              missing_values=nan,
                                                              strategy='most_frequent'))),
                ('normalize',
                 TransformerWrapper(exclude=None, include=None,
                                    transformer=StandardScaler(copy=True,
                                                               with_mean=True,
                                                               with_std=True))),
                ('actual_estimator',
                 QuadraticDiscriminantAnalysis(priors=None, reg_param=0.0,
                                               store_covariance=False,
                                               tol=0.0001))],
         verbose=False)
2025-08-14 01:04:23,272:INFO:finalize_model() successfully completed......................................
2025-08-14 01:04:23,418:INFO:Initializing save_model()
2025-08-14 01:04:23,418:INFO:save_model(model=Pipeline(memory=Memory(location=None),
         steps=[('numerical_imputer',
                 TransformerWrapper(exclude=None,
                                    include=['Credit_Score', 'Annual_Income',
                                             'Loan_Amount_Requested',
                                             'Existing_Loans', 'Loan_Term',
                                             'Outstanding_Debt',
                                             'Monthly_Expenses'],
                                    transformer=SimpleImputer(add_indicator=False,
                                                              copy=True,
                                                              fill_value=None,
                                                              keep_empty_features=False,
                                                              missing_values=nan,
                                                              str...
                                                              copy=True,
                                                              fill_value=None,
                                                              keep_empty_features=False,
                                                              missing_values=nan,
                                                              strategy='most_frequent'))),
                ('normalize',
                 TransformerWrapper(exclude=None, include=None,
                                    transformer=StandardScaler(copy=True,
                                                               with_mean=True,
                                                               with_std=True))),
                ('actual_estimator',
                 QuadraticDiscriminantAnalysis(priors=None, reg_param=0.0,
                                               store_covariance=False,
                                               tol=0.0001))],
         verbose=False), model_name=Loan_model, prep_pipe_=Pipeline(memory=FastMemory(location=C:\Users\shikh\AppData\Local\Temp\joblib),
         steps=[('numerical_imputer',
                 TransformerWrapper(exclude=None,
                                    include=['Credit_Score', 'Annual_Income',
                                             'Loan_Amount_Requested',
                                             'Existing_Loans', 'Loan_Term',
                                             'Outstanding_Debt',
                                             'Monthly_Expenses'],
                                    transformer=SimpleImputer(add_indicator=False,
                                                              copy=True,
                                                              fill_value=None,
                                                              keep_emp...
                ('categorical_imputer',
                 TransformerWrapper(exclude=None, include=[],
                                    transformer=SimpleImputer(add_indicator=False,
                                                              copy=True,
                                                              fill_value=None,
                                                              keep_empty_features=False,
                                                              missing_values=nan,
                                                              strategy='most_frequent'))),
                ('normalize',
                 TransformerWrapper(exclude=None, include=None,
                                    transformer=StandardScaler(copy=True,
                                                               with_mean=True,
                                                               with_std=True)))],
         verbose=False), verbose=True, use_case=MLUsecase.CLASSIFICATION, kwargs={})
2025-08-14 01:04:23,418:INFO:Adding model into prep_pipe
2025-08-14 01:04:23,418:WARNING:Only Model saved as it was a pipeline.
2025-08-14 01:04:23,418:INFO:Loan_model.pkl saved in current working directory
2025-08-14 01:04:23,418:INFO:Pipeline(memory=Memory(location=None),
         steps=[('numerical_imputer',
                 TransformerWrapper(exclude=None,
                                    include=['Credit_Score', 'Annual_Income',
                                             'Loan_Amount_Requested',
                                             'Existing_Loans', 'Loan_Term',
                                             'Outstanding_Debt',
                                             'Monthly_Expenses'],
                                    transformer=SimpleImputer(add_indicator=False,
                                                              copy=True,
                                                              fill_value=None,
                                                              keep_empty_features=False,
                                                              missing_values=nan,
                                                              str...
                                                              copy=True,
                                                              fill_value=None,
                                                              keep_empty_features=False,
                                                              missing_values=nan,
                                                              strategy='most_frequent'))),
                ('normalize',
                 TransformerWrapper(exclude=None, include=None,
                                    transformer=StandardScaler(copy=True,
                                                               with_mean=True,
                                                               with_std=True))),
                ('actual_estimator',
                 QuadraticDiscriminantAnalysis(priors=None, reg_param=0.0,
                                               store_covariance=False,
                                               tol=0.0001))],
         verbose=False)
2025-08-14 01:04:23,418:INFO:save_model() successfully completed......................................
2025-08-14 01:08:43,681:WARNING:
'cuml' is a soft dependency and not included in the pycaret installation. Please run: `pip install cuml` to install.
2025-08-14 01:08:43,681:WARNING:
'cuml' is a soft dependency and not included in the pycaret installation. Please run: `pip install cuml` to install.
2025-08-14 01:08:43,681:WARNING:
'cuml' is a soft dependency and not included in the pycaret installation. Please run: `pip install cuml` to install.
2025-08-14 01:08:43,681:WARNING:
'cuml' is a soft dependency and not included in the pycaret installation. Please run: `pip install cuml` to install.
2025-08-14 01:08:48,762:INFO:Initializing predict_model()
2025-08-14 01:08:48,762:INFO:predict_model(self=<pycaret.classification.oop.ClassificationExperiment object at 0x000002249CE9C130>, estimator=Pipeline(memory=Memory(location=None),
         steps=[('numerical_imputer',
                 TransformerWrapper(include=['Credit_Score', 'Annual_Income',
                                             'Loan_Amount_Requested',
                                             'Existing_Loans', 'Loan_Term',
                                             'Outstanding_Debt',
                                             'Monthly_Expenses'],
                                    transformer=SimpleImputer())),
                ('categorical_imputer',
                 TransformerWrapper(include=[],
                                    transformer=SimpleImputer(strategy='most_frequent'))),
                ('normalize', TransformerWrapper(transformer=StandardScaler())),
                ('actual_estimator', QuadraticDiscriminantAnalysis())]), probability_threshold=None, encoded_labels=False, raw_score=False, round=4, verbose=True, ml_usecase=None, preprocess=True, encode_labels=<function _SupervisedExperiment.predict_model.<locals>.encode_labels at 0x000002249DF597E0>)
2025-08-14 01:08:48,762:INFO:Checking exceptions
2025-08-14 01:08:48,762:INFO:Preloading libraries
2025-08-14 01:08:48,762:INFO:Set up data.
2025-08-14 01:08:48,762:INFO:Set up index.
2025-08-14 01:14:33,519:WARNING:
'cuml' is a soft dependency and not included in the pycaret installation. Please run: `pip install cuml` to install.
2025-08-14 01:14:33,542:WARNING:
'cuml' is a soft dependency and not included in the pycaret installation. Please run: `pip install cuml` to install.
2025-08-14 01:14:33,542:WARNING:
'cuml' is a soft dependency and not included in the pycaret installation. Please run: `pip install cuml` to install.
2025-08-14 01:14:33,542:WARNING:
'cuml' is a soft dependency and not included in the pycaret installation. Please run: `pip install cuml` to install.
2025-08-14 01:14:41,756:INFO:Initializing load_model()
2025-08-14 01:14:41,756:INFO:load_model(model_name=Loan_model.pkl, platform=None, authentication=None, verbose=True)
2025-08-14 01:15:44,060:WARNING:
'cuml' is a soft dependency and not included in the pycaret installation. Please run: `pip install cuml` to install.
2025-08-14 01:15:44,060:WARNING:
'cuml' is a soft dependency and not included in the pycaret installation. Please run: `pip install cuml` to install.
2025-08-14 01:15:44,060:WARNING:
'cuml' is a soft dependency and not included in the pycaret installation. Please run: `pip install cuml` to install.
2025-08-14 01:15:44,060:WARNING:
'cuml' is a soft dependency and not included in the pycaret installation. Please run: `pip install cuml` to install.
2025-08-14 01:15:44,943:INFO:Initializing load_model()
2025-08-14 01:15:44,943:INFO:load_model(model_name=Loan_model, platform=None, authentication=None, verbose=True)
2025-08-14 01:16:28,078:INFO:Initializing predict_model()
2025-08-14 01:16:28,078:INFO:predict_model(self=<pycaret.classification.oop.ClassificationExperiment object at 0x000002209AFE3E80>, estimator=Pipeline(memory=Memory(location=None),
         steps=[('numerical_imputer',
                 TransformerWrapper(include=['Credit_Score', 'Annual_Income',
                                             'Loan_Amount_Requested',
                                             'Existing_Loans', 'Loan_Term',
                                             'Outstanding_Debt',
                                             'Monthly_Expenses'],
                                    transformer=SimpleImputer())),
                ('categorical_imputer',
                 TransformerWrapper(include=[],
                                    transformer=SimpleImputer(strategy='most_frequent'))),
                ('normalize', TransformerWrapper(transformer=StandardScaler())),
                ('actual_estimator', QuadraticDiscriminantAnalysis())]), probability_threshold=None, encoded_labels=False, raw_score=False, round=4, verbose=True, ml_usecase=None, preprocess=True, encode_labels=<function _SupervisedExperiment.predict_model.<locals>.encode_labels at 0x000002209B01C820>)
2025-08-14 01:16:28,078:INFO:Checking exceptions
2025-08-14 01:16:28,078:INFO:Preloading libraries
2025-08-14 01:16:28,144:INFO:Set up data.
2025-08-14 01:16:28,305:INFO:Set up index.
2025-08-14 01:19:54,252:WARNING:
'cuml' is a soft dependency and not included in the pycaret installation. Please run: `pip install cuml` to install.
2025-08-14 01:19:54,252:WARNING:
'cuml' is a soft dependency and not included in the pycaret installation. Please run: `pip install cuml` to install.
2025-08-14 01:19:54,252:WARNING:
'cuml' is a soft dependency and not included in the pycaret installation. Please run: `pip install cuml` to install.
2025-08-14 01:19:54,252:WARNING:
'cuml' is a soft dependency and not included in the pycaret installation. Please run: `pip install cuml` to install.
2025-08-14 01:19:55,125:INFO:Initializing load_model()
2025-08-14 01:19:55,125:INFO:load_model(model_name=Loan_model, platform=None, authentication=None, verbose=True)
2025-08-14 01:21:41,534:WARNING:
'cuml' is a soft dependency and not included in the pycaret installation. Please run: `pip install cuml` to install.
2025-08-14 01:21:41,534:WARNING:
'cuml' is a soft dependency and not included in the pycaret installation. Please run: `pip install cuml` to install.
2025-08-14 01:21:41,534:WARNING:
'cuml' is a soft dependency and not included in the pycaret installation. Please run: `pip install cuml` to install.
2025-08-14 01:21:41,534:WARNING:
'cuml' is a soft dependency and not included in the pycaret installation. Please run: `pip install cuml` to install.
2025-08-14 01:21:43,145:INFO:Initializing load_model()
2025-08-14 01:21:43,145:INFO:load_model(model_name=Loan_model, platform=None, authentication=None, verbose=True)
2025-08-14 01:22:37,871:INFO:Initializing predict_model()
2025-08-14 01:22:37,871:INFO:predict_model(self=<pycaret.classification.oop.ClassificationExperiment object at 0x000001C6C4E67E50>, estimator=Pipeline(memory=Memory(location=None),
         steps=[('numerical_imputer',
                 TransformerWrapper(include=['Credit_Score', 'Annual_Income',
                                             'Loan_Amount_Requested',
                                             'Existing_Loans', 'Loan_Term',
                                             'Outstanding_Debt',
                                             'Monthly_Expenses'],
                                    transformer=SimpleImputer())),
                ('categorical_imputer',
                 TransformerWrapper(include=[],
                                    transformer=SimpleImputer(strategy='most_frequent'))),
                ('normalize', TransformerWrapper(transformer=StandardScaler())),
                ('actual_estimator', QuadraticDiscriminantAnalysis())]), probability_threshold=None, encoded_labels=False, raw_score=False, round=4, verbose=True, ml_usecase=None, preprocess=True, encode_labels=<function _SupervisedExperiment.predict_model.<locals>.encode_labels at 0x000001C6C4EBC940>)
2025-08-14 01:22:37,871:INFO:Checking exceptions
2025-08-14 01:22:37,871:INFO:Preloading libraries
2025-08-14 01:22:37,918:INFO:Set up data.
2025-08-14 01:22:37,939:INFO:Set up index.
2025-08-14 01:27:12,007:WARNING:
'cuml' is a soft dependency and not included in the pycaret installation. Please run: `pip install cuml` to install.
2025-08-14 01:27:12,007:WARNING:
'cuml' is a soft dependency and not included in the pycaret installation. Please run: `pip install cuml` to install.
2025-08-14 01:27:12,007:WARNING:
'cuml' is a soft dependency and not included in the pycaret installation. Please run: `pip install cuml` to install.
2025-08-14 01:27:12,007:WARNING:
'cuml' is a soft dependency and not included in the pycaret installation. Please run: `pip install cuml` to install.
2025-08-14 01:27:16,788:INFO:Initializing load_model()
2025-08-14 01:27:16,788:INFO:load_model(model_name=Loan_model, platform=None, authentication=None, verbose=True)
2025-08-14 01:27:18,950:INFO:Initializing predict_model()
2025-08-14 01:27:18,950:INFO:predict_model(self=<pycaret.classification.oop.ClassificationExperiment object at 0x0000023EBF1FBA30>, estimator=Pipeline(memory=Memory(location=None),
         steps=[('numerical_imputer',
                 TransformerWrapper(include=['Credit_Score', 'Annual_Income',
                                             'Loan_Amount_Requested',
                                             'Existing_Loans', 'Loan_Term',
                                             'Outstanding_Debt',
                                             'Monthly_Expenses'],
                                    transformer=SimpleImputer())),
                ('categorical_imputer',
                 TransformerWrapper(include=[],
                                    transformer=SimpleImputer(strategy='most_frequent'))),
                ('normalize', TransformerWrapper(transformer=StandardScaler())),
                ('actual_estimator', QuadraticDiscriminantAnalysis())]), probability_threshold=None, encoded_labels=False, raw_score=False, round=4, verbose=True, ml_usecase=None, preprocess=True, encode_labels=<function _SupervisedExperiment.predict_model.<locals>.encode_labels at 0x0000023EBF1DD360>)
2025-08-14 01:27:18,950:INFO:Checking exceptions
2025-08-14 01:27:18,950:INFO:Preloading libraries
2025-08-14 01:27:18,950:INFO:Set up data.
2025-08-14 01:27:19,071:INFO:Set up index.
2025-08-14 01:29:44,627:WARNING:
'cuml' is a soft dependency and not included in the pycaret installation. Please run: `pip install cuml` to install.
2025-08-14 01:29:44,659:WARNING:
'cuml' is a soft dependency and not included in the pycaret installation. Please run: `pip install cuml` to install.
2025-08-14 01:29:44,659:WARNING:
'cuml' is a soft dependency and not included in the pycaret installation. Please run: `pip install cuml` to install.
2025-08-14 01:29:44,659:WARNING:
'cuml' is a soft dependency and not included in the pycaret installation. Please run: `pip install cuml` to install.
2025-08-14 01:29:56,736:INFO:Initializing predict_model()
2025-08-14 01:29:56,736:INFO:predict_model(self=<pycaret.classification.oop.ClassificationExperiment object at 0x00000250F98B8670>, estimator=Pipeline(memory=Memory(location=None),
         steps=[('numerical_imputer',
                 TransformerWrapper(include=['Credit_Score', 'Annual_Income',
                                             'Loan_Amount_Requested',
                                             'Existing_Loans', 'Loan_Term',
                                             'Outstanding_Debt',
                                             'Monthly_Expenses'],
                                    transformer=SimpleImputer())),
                ('categorical_imputer',
                 TransformerWrapper(include=[],
                                    transformer=SimpleImputer(strategy='most_frequent'))),
                ('normalize', TransformerWrapper(transformer=StandardScaler())),
                ('actual_estimator', QuadraticDiscriminantAnalysis())]), probability_threshold=None, encoded_labels=False, raw_score=False, round=4, verbose=True, ml_usecase=None, preprocess=True, encode_labels=<function _SupervisedExperiment.predict_model.<locals>.encode_labels at 0x00000250F9763E20>)
2025-08-14 01:29:56,736:INFO:Checking exceptions
2025-08-14 01:29:56,736:INFO:Preloading libraries
2025-08-14 01:29:56,800:INFO:Set up data.
2025-08-14 01:29:56,918:INFO:Set up index.
2025-08-14 01:31:15,053:WARNING:
'cuml' is a soft dependency and not included in the pycaret installation. Please run: `pip install cuml` to install.
2025-08-14 01:31:15,078:WARNING:
'cuml' is a soft dependency and not included in the pycaret installation. Please run: `pip install cuml` to install.
2025-08-14 01:31:15,111:WARNING:
'cuml' is a soft dependency and not included in the pycaret installation. Please run: `pip install cuml` to install.
2025-08-14 01:31:15,111:WARNING:
'cuml' is a soft dependency and not included in the pycaret installation. Please run: `pip install cuml` to install.
2025-08-14 01:31:21,732:INFO:Initializing load_model()
2025-08-14 01:31:21,732:INFO:load_model(model_name=Loan_model, platform=None, authentication=None, verbose=True)
2025-08-14 01:31:39,181:WARNING:
'cuml' is a soft dependency and not included in the pycaret installation. Please run: `pip install cuml` to install.
2025-08-14 01:31:39,181:WARNING:
'cuml' is a soft dependency and not included in the pycaret installation. Please run: `pip install cuml` to install.
2025-08-14 01:31:39,181:WARNING:
'cuml' is a soft dependency and not included in the pycaret installation. Please run: `pip install cuml` to install.
2025-08-14 01:31:39,181:WARNING:
'cuml' is a soft dependency and not included in the pycaret installation. Please run: `pip install cuml` to install.
2025-08-14 01:31:40,100:INFO:Initializing load_model()
2025-08-14 01:31:40,100:INFO:load_model(model_name=Loan_model, platform=None, authentication=None, verbose=True)
2025-08-14 01:32:22,414:INFO:Initializing predict_model()
2025-08-14 01:32:22,414:INFO:predict_model(self=<pycaret.classification.oop.ClassificationExperiment object at 0x0000026C3F564A30>, estimator=Pipeline(memory=Memory(location=None),
         steps=[('numerical_imputer',
                 TransformerWrapper(include=['Credit_Score', 'Annual_Income',
                                             'Loan_Amount_Requested',
                                             'Existing_Loans', 'Loan_Term',
                                             'Outstanding_Debt',
                                             'Monthly_Expenses'],
                                    transformer=SimpleImputer())),
                ('categorical_imputer',
                 TransformerWrapper(include=[],
                                    transformer=SimpleImputer(strategy='most_frequent'))),
                ('normalize', TransformerWrapper(transformer=StandardScaler())),
                ('actual_estimator', QuadraticDiscriminantAnalysis())]), probability_threshold=None, encoded_labels=False, raw_score=False, round=4, verbose=True, ml_usecase=None, preprocess=True, encode_labels=<function _SupervisedExperiment.predict_model.<locals>.encode_labels at 0x0000026C3F66C790>)
2025-08-14 01:32:22,414:INFO:Checking exceptions
2025-08-14 01:32:22,414:INFO:Preloading libraries
2025-08-14 01:32:22,478:INFO:Set up data.
2025-08-14 01:32:22,562:INFO:Set up index.
